pmid,title,abstract,category,tags,technology,biological_topic,confidence,has_new_data,has_code
41533475,Utility of Fluorescence In Situ Hybridization as a Fetal Surgery Eligibility Criterion for Isolated Congenital Anomalies When Non-Invasive Screening Is Performed.,Current inclusion criteria for fetal surgery at most centers include the absence of multiple major anomalies and a normal chromosome analysis or fluorescence in situ hybridization (FISH) for aneuploidy. We evaluated the concordance of FISH with non-invasive screening methodologies to determine if invasive genetic testing provides additional information on fetal surgery candidacy. A retrospective chart review was performed on 963 pregnancies evaluated for fetal surgery at the Cincinnati Children',Research,,,,low,False,False
27153382,Detection of Papillomavirus Gene Expression Patterns in Tissue Sections.,"Molecular events during the papillomavirus life cycle can be mapped in infected tissue biopsies using antibodies to viral and cellular gene products, or by in situ hybridization approaches that detect viral DNA or viral transcription products. For proteins, ease of immunodetection depends on antibody specificity and antigen availability. Epitopes in formalin-fixed paraffin-embedded (FFPE) samples are often masked by crosslinking and must be exposed for immunodetection. RNA in FFPE material is of",Protocol,Image-Based Analysis,,Infectious Disease,medium,False,False
40924538,BISON: bi-clustering of spatial omics data with feature selection.,"The advent of next-generation sequencing-based spatially resolved transcriptomics (SRT) techniques has reshaped genomic studies by enabling high-throughput gene expression profiling while preserving spatial and morphological context. Understanding gene functions and interactions in different spatial domains is crucial, as it can enhance our comprehension of biological mechanisms, such as cancer-immune interactions and cell differentiation in various regions. It is necessary to cluster tissue reg",Technology,Spatial Domain Identification; Spatially Variable Genes,,,high,False,True
27790742,"The utility of ETV1, ETV4 and ETV5 RNA in-situ hybridization in the diagnosis of CIC-DUX sarcomas.","A recently characterized group of undifferentiated small round cell sarcomas harbours fusions of the genes CIC and DUX4. Studies report a distinctive gene expression profile for these sarcomas, including expression of E26 transformation-specific (ETS) family proto-oncogenic transcription factors ETV1, ETV4 and ETV5. To test the utility of an ancillary diagnostic technique for these tumours, we evaluated chromogenic RNA in-situ hybridization assays for ETV1, ETV4 and ETV5 as diagnostic adjuncts f",Research,Image-Based Analysis,,Cancer,medium,True,False
40520021,Integrative Single-Cell and Spatial Transcriptomics Analysis Reveals ECM-remodeling Cancer-associated Fibroblast-Derived POSTN as a Key Mediator in Pancreatic Ductal Adenocarcinoma Progression.,"Pancreatic ductal adenocarcinoma (PDAC) presents significant clinical challenges owing to its dense stroma and complex tumor microenvironment (TME). In this study, large-scale single-cell transcriptomics and spatial transcriptomics (ST) were integrated to dissect the heterogeneity of fibroblasts and their crosstalk with epithelial cells, with a focus on key ligand-receptor interactions. Eight distinct fibroblast subpopulations were identified, among which extracellular matrix (ECM)-remodeling fi",Research,Cell-Cell Communication; Spatial Trajectory Inference; Cell-Type Deconvolution; Spatial Integration,,Cancer,high,True,False
40611896,The Spatial Atlas of Human Anatomy (SAHA): A Multimodal Subcellular-Resolution Reference Across Human Organs.,"The Spatial Atlas of Human Anatomy (SAHA) represents the first multimodal, subcellular-resolution reference of healthy adult human tissues across multiple organ systems. Integrating spatial transcriptomics, proteomics, and histological features across over 15 million cells from more than 100 donors, SAHA maps conserved and organ-specific cellular niches in gastrointestinal and immune tissues. High-resolution profiling using CosMx SMI, 10x Xenium, RNAscope, GeoMx DSP, and single-nucleus RNA-seq r",Data Resource,Spatial Domain Identification; Cell-Cell Communication; Spatial Integration; Multi-Omics Integration,CosMx; Xenium; GeoMx,Gastrointestinal,high,True,True
40281655,Macrophage Lyn Kinase Is a Sex-Specific Regulator of Post-Subarachnoid Hemorrhage Neuroinflammation.,"Lyn kinase is a member of the Src family of tyrosine kinases, primarily known for its role in regulating immune cell signaling. It can phosphorylate and modulate the activity of various proteins involved in immune responses, including Toll-like receptor 4 (TLR4). TLR4-mediated inflammatory pathways have been extensively studied; however, the sex-specific interaction of TLR4 and Lyn in neuroinflammation after aneurysmal subarachnoid hemorrhage (SAH) has yet to be investigated. SAH occurs due to a",Research,,,Neuroscience,medium,True,False
39671282,Protocol for single-molecule FISH in the developing mouse retinal vasculature.,The developing vasculature of the post-natal mouse retina is a powerful model to discover mechanisms of vessel formation and to test modulators of neovascularization. We present a protocol for single-molecule fluorescent in situ hybridization (smFISH) in whole-mount mouse retinas enabling the detection of individual mRNAs in vascular endothelial cells. We describe procedures from initial retina preparation to smFISH and detection. Our approach offers simple steps to overcome challenges related t,Protocol,Image-Based Analysis,,Developmental Biology,high,False,False
35171486,Analyzing the Composition and Organization of Ribonucleoprotein Complexes by APEX-Seq.,"Diverse protein-RNA complexes assemble in cells, and their composition and localization regulate the fate of mRNAs. Here, we detail APEX-Seq, an experimental strategy to capture protein-RNA interactions and profile their sub-cellular organization by in vivo proximity labeling and high-throughput sequencing. APEX-Seq relies on direct proximity labeling of RNAs by the peroxidase enzyme APEX2, which can be targeted to specific sites in the cell or fused to proteins of interest. Direct RNA proximity",Technology,,,,medium,False,False
41751412,From GWAS Signals to Causal Genes in Chronic Kidney Disease.,"Genome-wide association studies (GWAS) have transformed the study of chronic kidney disease (CKD) by identifying hundreds of genetic loci associated with multiple aspects of kidney function, including albuminuria and CKD risk factors, in diverse populations. A major challenge is translating statistically significant signals into causal genes and mechanisms, as most CKD-associated variants lie in non-coding regulatory regions and often act in a cell type- and context-specific manner. In this revi",Review,,,Kidney & Nephrology,high,False,False
41451540,CELLetter: leveraging large language model and dual-stream network to identify context-specific ligand-receptor interactions for cell-cell communication analysis.,"Cell-to-cell communication (CCC) facilitates the coordination of various cellular behaviors in multicellular organisms. Many computational methods neglect downstream intracellular signaling and are limited by static and predefined ligand-receptor (L-R) databases. To address these limitations, we present CELLetter, a deep learning framework to identify potential L-R interactions through a novel feature learning model and decipher cellular signaling by integrating L-R co-expression with downstream",Technology,Cell-Cell Communication; Benchmarking & Evaluation; Spatial Co-Expression,,Cancer,high,False,True
41265636,Multi-omics analysis identifies S100a10/Anxa2 complex within proximal tubule aggravates acute kidney injury through p-Stat3/Spp1 signaling.,"Acute kidney injury (AKI) has become a global public health problem that seriously endangers human health, the treatment for AKI is mainly supportive and there is no targeted, efficient and low-toxicity treatment. Multi-omics including bulk RNA-seq, scRNA-seq, spatial transcriptomics were used to find the high differential expressed genes between con and AKI. While S100a10 was consistently found to be significantly increased in renal tubular epithelial cells after cisplatin and IRI induced AKI c",Research,Multi-Omics Integration,,Kidney & Nephrology,medium,True,False
41475272,SPP1-CD44 signaling contributes to the mechanisms and therapeutic implications in intervertebral disc degeneration.,"Intervertebral disc degeneration (IVDD) is a major pathological cause of chronic back pain and reduced mobility. Among emerging molecular regulators, the SPP1-CD44 axis has attracted growing interest for its critical role in immune modulation, cellular migration, and extracellular matrix (ECM) remodeling. SPP1 interacts with CD44 and integrins to regulate immune cell polarization, cytokine secretion, and ECM degradation, ultimately contributing to inflammation, endplate calcification, and disc c",Review,Cell-Cell Communication; Niche & Microenvironment; Spatially Variable Genes; Multi-Omics Integration,,Musculoskeletal,high,False,False
41843898,TUSCAN: Tumor segmentation and classification analysis in spatial transcriptomics.,"The identification of tumor cells is pivotal for understanding tumor heterogeneity and the tumor microenvironment. Recent advances in spatially resolved transcriptomics (SRT) have revolutionized the way that transcriptomic profiles are characterized and have enabled the simultaneous quantification of transcript locations in intact tissue samples. SRT is a promising alternative method to study gene expression patterns in spatial domains. Nevertheless, the precise detection of tumor regions within",Research,Spatial Domain Identification; Benchmarking & Evaluation,,Cancer,high,False,False
36928764,A single-cell transcriptome atlas profiles early organogenesis in human embryos.,"The early window of human embryogenesis is largely a black box for developmental biologists. Here we probed the cellular diversity of 4-6 week human embryos when essentially all organs are just laid out. On the basis of over 180,000 single-cell transcriptomes, we generated a comprehensive atlas of 313 clusters in 18 developmental systems, which were annotated with a collection of ontology and markers from 157 publications. Together with spatial transcriptome on embryonic sections, we characteriz",Research,Spatial Integration,,Developmental Biology,medium,True,False
41028408,ERO1A-positive tumor epithelial cells in colorectal cancer progression: a multi-omics perspective.,"Colorectal cancer (CRC) remains a leading cause of cancer-related morbidity and mortality worldwide. Tumor epithelial cells play a crucial role in shaping the tumor microenvironment (TME) and driving cancer progression. This study utilized a multi-omics approach, integrating data from 21 multi-center CRC cohorts (n = 2,767), including single-cell transcriptomics, bulk transcriptomics, spatial transcriptomics, and proteomics. Bioinformatic analyses were combined with in vitro and in vivo experime",Research,Cell-Cell Communication; Cell-Type Deconvolution; Multi-Omics Integration,,Cancer,medium,True,False
41073785,Single-cell multi-omic and spatial profiling of esophageal squamous cell carcinoma reveals the immunosuppressive role of GPR116<sup>+</sup> pericytes in cancer metastasis.,"Tumor metastasis leads to most cancer deaths. However, how cellular diversity and dynamic cooperation within the tumor microenvironment contribute to metastasis remains poorly understood. Here we leverage single-cell multi-omics (16 samples, 117,169 cells) and spatial transcriptomics (five samples, 195,366 cells) to uncover the cellular and spatial architecture of esophageal squamous cell carcinoma (ESCC), and characterize an immunosuppressive GPR116<sup>+</sup> pericyte subset promoting tumor m",Research,Cell-Cell Communication; Spatial Domain Identification; Multi-Omics Integration,,Cancer,high,True,False
31718172,APEX Proximity Labeling as a Versatile Tool for Biological Research.,"Most proteins are specifically localized in membrane-encapsulated organelles or non-membrane-bound compartments. The subcellular localization of proteins facilitates their functions and integration into functional networks; therefore, protein localization is tightly regulated in diverse biological contexts. However, protein localization has been mainly analyzed through immunohistochemistry or the fractionation of subcellular compartments, each of which has major drawbacks. Immunohistochemistry c",Review,,,,medium,False,False
36465633,A spatiotemporal steroidogenic regulatory network in human fetal adrenal glands and gonads.,"Human fetal adrenal glands produce substantial amounts of dehydroepiandrosterone (DHEA), which is one of the most important precursors of sex hormones. However, the underlying biological mechanism remains largely unknown. Herein, we sequenced human fetal adrenal glands and gonads from 7 to 14 gestational weeks (GW) <i>via</i> 10× Genomics single-cell transcriptome techniques, reconstructed their location information by spatial transcriptomics. Relative to gonads, adrenal glands begin to synthesi",Research,,Visium,Developmental Biology,medium,True,False
40279436,Adipose-derived leptin and complement factor D mediate osteoarthritis severity and pain.,"Obesity is a risk factor for osteoarthritis (OA), and leptin is among the adipokines implicated in obesity-induced OA. However, the specific role of leptin in OA severity and pain is not known. Using lipodystrophic (LD) mice, we show that fat-secreted factors are required for knee OA development, implicating a fat-cartilage cross-talk. Fat pad implantation or systemic leptin restoration in LD mice reintroduced structural OA and pain, whereas implantation of leptin-deficient fat pad did not chang",Research,Cell-Cell Communication; Multi-Omics Integration; Niche & Microenvironment,,Musculoskeletal,medium,True,False
41323651,A practical protocol of processing mineralized tissue for Visium spatial transcriptomics.,"Spatial transcriptomics analysis of mineralized tissues faces significant challenges due to lengthy decalcification procedures that severely compromise RNA integrity and subsequent gene detection. This protocol details an optimized workflow to process bone and fracture callus samples for 10x Genomics Visium spatial transcriptomics. The key innovation involves replacing conventional EDTA decalcification with Morse's solution, enabling rapid decalcification (<24 ​h) while preserving RNA quality, a",Protocol,,Visium,Musculoskeletal,high,True,False
38464011,General Capillary Endothelial Cells Undergo Reprogramming into Arterial Endothelial Cells in Pulmonary Hypertension through HIF-2α/Notch4 Pathway.,"Pulmonary arterial hypertension (PAH) is characterized by a progressive increase of pulmonary vascular resistance and obliterative pulmonary vascular remodeling that result in right heart hypertrophy, failure, and premature death. The underlying mechanisms of loss of distal capillary endothelial cells (ECs) and obliterative vascular lesion formation remain unclear. Our recent single-cell RNA sequencing, spatial transcriptomics analysis, RNASCOPE, and immunostaining analysis showed that arterial ",Research,,,Lung & Respiratory,medium,True,False
40534868,Integrated transcriptomics and machine learning reveal REN as a dual regulator of tumor stemness and NK cell evasion in Wilms tumor progression.,"Wilms tumor (WT) is the most common pediatric kidney cancer, which presents significant therapeutic challenges, particularly in high-risk cases, due to chemotherapy resistance and immunosuppressive tumor microenvironments (TMEs). Tumor stemness and immune evasion mechanisms are implicated in poor clinical outcomes, yet the molecular drivers underpinning these processes remain inadequately understood. We employed an integrative approach combining single-cell RNA sequencing (scRNA-seq), spatial tr",Research,Cell-Cell Communication; Niche & Microenvironment,,Cancer,high,True,False
41779089,Topological Data Analysis for Unsupervised Feature Selection in Large Scale Spatial Omics Data Sets.,"Spatial transcriptomics studies are becoming increasingly large and commonplace, necessitating simultaneous analysis of a large number of spatially resolved variables. Correspondingly, a diverse range of methodologies have been proposed to compare the spatial expression structure of genes. Here, we apply persistent homology, a method from topological data analysis, to produce a continuous quantification of spatial structure in a given gene's expression, and show how this can be used for downstre",Technology,Spatially Variable Genes,,Kidney & Nephrology,high,False,False
30074319,"Application of fluorescence in situ hybridization (FISH) as a tool to aid cytogenetics in 1,409 fetal samples.","To evaluate the technical application of fluorescence in situ hybridization (FISH) as a support to classical cytogenetic in numerical chromosomal aneuploidies studies in samples of amniotic fluid, chorionic villus, and fetal loss. The authois performed cytogenetic analyses in 1,409 patients (678 amniocentesis, 512 chorionic villus samples, and 219 spontaneous abortions) during one year. FISH molecular study aided traditional cytogenetic in 90 cases. These cases were indicated based on the diagno",Research,,,,low,True,False
41997362,Microbial Monotherapy With Leuconostoc sp LB-P8 Improves Inflammation and Fibrosis in Mouse Primary Sclerosing Cholangitis by Inhibiting Transforming Growth Factor β1/SMAD Signaling.,"Primary sclerosing cholangitis (PSC) is a prototypical disease with an impaired gut-liver axis, frequently associated with inflammatory bowel disease, and linked to microbial dysbiosis. However, how microbes influence PSC progression remains unclear. We identified a novel L sp. (LB-P8) with potential anti-fibrotic properties via inhibition of transforming growth factor beta-1 (TGF-β)/SMAD signaling and investigated its therapeutic efficacy and mechanisms in mouse PSC models. Human intestinal cel",Research,Niche & Microenvironment; Image-Based Analysis,GeoMx,Liver & Hepatology,high,True,False
41667720,Attention-guided enhanced deconvolution enables reference-free cell type estimation in spatial transcriptomics.,"Spatial transcriptomics technologies profile gene expression across tissue sections while retaining spatial information, yet most platforms capture signals from multiple cells per measurement location, requiring computational methods to determine the underlying cellular composition. Current deconvolution approaches either depend on single-cell reference atlases-which may be unavailable for rare tissues or specific disease contexts-or employ unsupervised methods that struggle with complex spatial",Technology,Cell-Type Deconvolution; Spatial Domain Identification,,,medium,False,True
39127090,Polymicrobial consortia in the pathogenesis of biofilm vaginosis visualized by FISH. Historic review outlining the basic principles of the polymicrobial infection theory.,"The manuscript disputes the exclusive mono-infectious way of thinking, which presumes that for every infection only one pathogen is responsible and sufficient, when infectious vectors, close contact and reduced immunity meet. In situations involving heavily colonized anatomical sites such an approach often ends in insoluble contradictions. Upon critical reflection and evaluation of 20 years research on spatial organization of vaginal microbiota it is apparent, that in some situations, pathogens ",Review,Image-Based Analysis; Niche & Microenvironment,,Infectious Disease,medium,False,False
33004995,The suitability of NONO-TFE3 dual-fusion FISH assay as a diagnostic tool for NONO-TFE3 renal cell carcinoma.,"NONO-TFE3 RCC is a subtype of Xp11.2 translocation renal cell carcinoma (RCC). So far, only a small amount of NONO-TFE3 RCC have been reported owing to lack of effective diagnosis methods. Utilizing the novel dual-fusion fluorescence in situ hybridization (FISH) probe reported here, 5 cases of NONO-TFE3 RCC were identified and were ultimately confirmed by RT-PCR. Histopathology, all 5 cases were consisted by sheets of epithelial cells and papillary architecture. The cytoplasm was abundantly clea",Research,,,Cancer,high,True,False
32910905,The Stress-Like Cancer Cell State Is a Consistent Component of Tumorigenesis.,"Transcriptional profiling of tumors has revealed a stress-like state among the cancer cells with the concerted expression of genes such as fos, jun, and heat-shock proteins, though this has been controversial given possible dissociation-effects associated with single-cell RNA sequencing. Here, we validate the existence of this state using a combination of zebrafish melanoma modeling, spatial transcriptomics, and human samples. We found that the stress-like subpopulation of cancer cells is presen",Research,Spatial Domain Identification; Spatially Variable Genes,,Cancer,medium,True,False
39496775,Effect of fibroblast heterogeneity on prognosis and drug resistance in high-grade serous ovarian cancer.,"Tumor heterogeneity is associated with poor prognosis and drug resistance, leading to therapeutic failure. Here, we used tumor evolution analysis to determine the intra- and intertumoral heterogeneity of high-grade serous ovarian cancer (HGSOC) and analyze the correlation between tumor heterogeneity and prognosis, as well as chemotherapy response, through single-cell and spatial transcriptomic analysis. We collected and curated 28 HGSOC patients' single-cell transcriptomic data from five dataset",Research,Cell-Cell Communication; Niche & Microenvironment; Spatial Integration; Cell-Type Deconvolution,,Cancer,high,False,False
27284969,FISHing for gutta-percha-adhered biofilms in purulent post-treatment apical periodontitis.,"This study investigated the possibility of depicting individual taxa in clinically relevant biofilms using fluorescent in situ hybridization (FISH). Gutta-percha samples were collected from the apical aspect of root canals associated with a chronic apical abscess (test samples, n = 8). Corresponding control samples were obtained from previously filled root canals with apparently normal periapical tissues (n = 3). The transport medium was investigated for detached biofilm fragments using FISH sta",Research,,,Infectious Disease,low,True,False
41265398,Piscis: A loss estimator of the F1 score enables accurate spot detection in fluorescence microscopy images via deep learning.,"Single-molecule RNA fluorescence in situ hybridization (RNA FISH)-based spatial transcriptomics methods have enabled the accurate quantification of gene expression at single-cell resolution by visualizing transcripts as diffraction-limited spots. Although these methods generally scale to large samples, image analysis remains challenging, often requiring manual parameter tuning. We present Piscis, a fully automatic deep learning algorithm for spot detection trained using a loss function, the Smoo",Technology,Image-Based Analysis; Benchmarking & Evaluation,,,high,True,True
31509355,Heterogeneity of p16 immunohistochemistry and increased sensitivity of RNA in situ hybridization in cytology specimens of HPV-related head and neck squamous cell carcinoma.,"Many patients with human papillomavirus (HPV)-related head and neck squamous cell carcinoma (HPV-HNSCC) initially present with cervical lymph node metastases. Although p16 immunohistochemistry (IHC) is the most commonly used surrogate marker for HPV, however criteria in cytologic material are not well established. The objective of this study was to better characterize p16 IHC in cell blocks of metastatic HPV-HNSCC, and to evaluate the performance of HPV RNA in situ hybridization (RNA ISH). p16 I",Research,,,Cancer,high,True,False
40083663,Metal-dependent cell death resistance contribute to lymph node metastasis of oral squamous cell carcinoma.,"Ferroptosis and cuproptosis can be summarized as metal-dependent cell death. This study aimed to explore the expression of metal-dependent cell death resistance (MCDR) characteristics in tumor cells of oral squamous cell carcinoma (OSCC) and to explore its relationship with lymph node metastasis (LNM). By integrating single-cell data of OSCC from public databases, an expression matrix comprising 127,149 cells was constructed. Gene set scores were calculated using the irGSEA package, and GO and K",Research,Cell-Type Deconvolution; Cell-Cell Communication; Spatial Trajectory Inference,,Cancer,high,True,False
41617396,Single-cell spatial transcriptomics uncovers niches that govern response to PD-1/PD-L1 blockade in cutaneous squamous cell carcinoma.,"Neoadjuvant PD-1/PD-L1 blockade yields robust efficacy in advanced cutaneous squamous cell carcinoma (cSCC), yet many patients fail to achieve a complete or major pathologic response. The reasons why some patients experience response but others do not are unclear. We profiled cSCC specimens before, after 1 dose, and after 3-4 doses of PD-1/PD-L1 blockade to uncover resistance mechanisms and predict therapeutic response. In total, 27 patients across three cohorts, including two phase II trials, w",Research,Spatial Domain Identification; Niche & Microenvironment; Spatial Co-Expression,,Dermatology,high,True,False
36090815,Define and visualize pathological architectures of human tissues from spatially resolved transcriptomics using deep learning.,"Spatially resolved transcriptomics provides a new way to define spatial contexts and understand the pathogenesis of complex human diseases. Although some computational frameworks can characterize spatial context via various clustering methods, the detailed spatial architectures and functional zonation often cannot be revealed and localized due to the limited capacities of associating spatial information. We present RESEPT, a deep-learning framework for characterizing and visualizing tissue archi",Technology,Spatial Domain Identification; Image-Based Analysis,Visium,Neuroscience,medium,True,False
39643161,Cell type census in cerebral cortex reveals species-specific brain function and connectivity.,"The cerebral cortex contains a diverse array of functional regions that are conserved across species, such as primary somatosensory and primary visual cortex. However, despite this conservation, these regions exhibit different connectivity and functions in various species. It is hypothesized that these differences arise from distinct cell types within the conserved regions. To uncover these species-specific differences, investigating gene expression at the cellular level can reveal unique cell t",Review,,,Neuroscience,high,False,False
36711919,Spatial transcriptomics reveals a conserved segment polarity program that governs muscle patterning in <i>Nematostella vectensis</i>.,"During early animal evolution, the emergence of axially-polarized segments was central to the diversification of complex bilaterian body plans. Nevertheless, precisely how and when segment polarity pathways arose remains obscure. Here we demonstrate the molecular basis for segment polarization in developing larvae of the pre-bilaterian sea anemone <i>Nematostella vectensis</i> . Utilizing spatial transcriptomics, we first constructed a 3-D gene expression atlas of developing larval segments. Cap",Research,Spatial Domain Identification; Spatially Variable Genes; 3D Reconstruction,,Developmental Biology,medium,True,False
33659301,Isolation of Tumor Cells Based on Their Distance from Blood Vessels.,"Differential exposure of tumor cells to microenvironmental cues greatly impacts cell phenotypes, raising a need for position based sorting of tumor cells amenable to multiple OMICs and functional analyses. One such key determinant of tumor heterogeneity in solid tumors is its vasculature. Proximity to blood vessels (BVs) profoundly affects tumor cell phenotypes due to differential availability of oxygen, gradient exposure to blood-borne substances and inputs by angiocrine factors. To unravel the",Technology,Spatial Domain Identification; Niche & Microenvironment,,Cancer,medium,True,False
35390105,Spatial transcriptomics reveals antiparasitic targets associated with essential behaviors in the human parasite Brugia malayi.,Lymphatic filariasis (LF) is a chronic debilitating neglected tropical disease (NTD) caused by mosquito-transmitted nematodes that afflicts over 60 million people. Control of LF relies on routine mass drug administration with antiparasitics that clear circulating larval parasites but are ineffective against adults. The development of effective adulticides is hampered by a poor understanding of the processes and tissues driving parasite survival in the host. The adult filariae head region contain,Research,Spatial Domain Identification; Spatially Variable Genes,,Infectious Disease,medium,True,False
40473310,Multi-omic spatial profiling reveals the unique SARS-CoV-2 lung microenvironment and collagen VI as a predictive biomarker in severe COVID-19.,"While coronavirus disease 2019 (COVID-19) is primarily a respiratory infection, few studies have characterised the immune response to COVID-19 in lung tissue. We sought to understand the pathogenic role of microenvironmental interactions and the extracellular matrix in post-mortem COVID-19 lung using an integrative multi-omic approach. Post-mortem formalin-fixed paraffin-embedded lung tissue from fatal COVID-19 and nonrespiratory death control lung underwent multi-omic evaluation by Quantseq Bul",Research,Niche & Microenvironment; Multi-Omics Integration,GeoMx,Lung & Respiratory,high,True,False
41666644,MYB: A potential therapeutic target in triple-negative breast cancer based on the PI3K/AKT signaling pathway.,"Compared to non-triple-negative breast cancer (Non-TNBC), triple-negative breast cancer (TNBC) exhibits significantly poorer prognosis. Previous research has confirmed that the PI3K/AKT pathway is closely associated with prognosis in breast cancer patients. Yet, it remains unclear whether this pathway is implicated in the prognostic differences observed between TNBC and Non-TNBC. After downloading raw transcriptomic datasets from the GEO database and removing batch effects, we performed an integ",Research,Cell-Type Deconvolution; Niche & Microenvironment,,Cancer,medium,False,False
37900283,An update on methods for detection of prognostic and predictive biomarkers in melanoma.,"The approval of immunotherapy for stage II-IV melanoma has underscored the need for improved immune-based predictive and prognostic biomarkers. For resectable stage II-III patients, adjuvant immunotherapy has proven clinical benefit, yet many patients experience significant adverse events and may not require therapy. In the metastatic setting, single agent immunotherapy cures many patients but, in some cases, more intensive combination therapies against specific molecular targets are required. T",Review,Image-Based Analysis,,Cancer,high,False,False
28800016,FISH Analysis of TOP2A and HER-2 Aberrations in Female Breast Carcinoma on Archived Material: Egyptian NCI Experience.,"HER-2 and TOP2A genes are considered of great importance in breast cancer. Their copy number variability has been proposed to be a marker for the degree of chromosomal instability. Owing to the close proximity of TOP2A gene to HER-2 gene chromosome 17, TOP2A status is believed to affect therapeutic plan. The percentage of TOP2A aberrations is greatly variable among different studies. Is to investigate the relation between TOP2A and HER-2 gene amplification using fluorescence in situ hybridizatio",Research,,,Cancer,high,True,False
39400332,Xenomake: a pipeline for processing and sorting xenograft reads from spatial transcriptomic experiments.,"Xenograft models are attractive models that mimic human tumor biology and permit one to perturb the tumor microenvironment and study its drug response. Spatially resolved transcriptomics (SRT) provides a powerful way to study the organization of xenograft models, but currently there is a lack of specialized pipeline for processing xenograft reads originated from SRT experiments. Xenomake is a standalone pipeline for the automated handling of spatial xenograft reads. Xenomake handles read process",Technology,Spatial Preprocessing,,Cancer,high,False,True
41610921,Immunotherapy-driven remodeling of the tumor immune microenvironment: Spatiotemporal heterogeneity and multidimensional dynamics.,"Immunotherapy, by activating the patient's immune system to eliminate tumors, has become a revolutionary strategy in cancer treatment. Among immunotherapy, immune checkpoint blockade (ICB) and adoptive cell therapy (ACT) have demonstrated significant efficacy in various solid tumors and hematological malignancies. However, problems such as insufficient clinical response rate, acquired drug resistance, and immune-related adverse reactions have limited its wide application, which is closely relate",Review,,,Cancer,high,False,False
30168245,A triple-probe FISH screening strategy for risk-stratified therapy of acute lymphoblastic leukaemia in low-resource settings.,"Karyotyping along with a 3-probe fluorescence in situ hybridization (FISH) strategy was used to risk stratify therapy in 303 children with B-cell precursor acute lymphoblastic leukaemia. Of the 166 patients risk stratified, karyotype identified 91 (55%). FISH identified all karyotypes accurately, with the exception of hypodiploidy, and risk stratified an additional 75 patients. The frequency of ETV6-RUNX1 is lower and high hyperdiploidy, higher than reported in the west. An adapted 3-probe FISH ",Research,,,Cancer,low,True,False
39110523,Computational Strategies and Algorithms for Inferring Cellular Composition of Spatial Transcriptomics Data.,"Spatial transcriptomics technology has been an essential and powerful method for delineating tissue architecture at the molecular level. However, due to the limitations of the current spatial techniques, the cellular information cannot be directly measured but instead spatial spots typically varying from a diameter of 0.2 to 100 µm are characterized. Therefore, it is vital to apply computational strategies for inferring the cellular composition within each spatial spot. The main objective of thi",Review,Cell-Type Deconvolution,,,high,False,False
40804270,Single cell spatial transcriptomics links Wnt signaling disruption to extracellular matrix development in a cleft palate model.,"Despite advances in understanding the morphological disruptions that lead to defects in palate formation, the precise perturbations within the signaling microenvironment of palatal clefts remain poorly understood. To explore in greater depth the genomic basis of palatal clefts, we designed and implemented the first single cell spatial RNA-sequencing study in a cleft palate model, utilizing the Pax9<sup>-/-</sup> murine model at multiple developmental timepoints, which exhibits a consistent cleft",Research,Spatially Variable Genes; Niche & Microenvironment,Visium; Xenium,Developmental Biology,high,True,False
31562206,Multiplex fluorescence in situ hybridisation to detect anaplastic lymphoma kinase and ROS proto-oncogene 1 receptor tyrosine kinase rearrangements in lung cancer cytological samples.,"Several predictive biomarkers of response to specific inhibitors have become mandatory for the therapeutic choice in non-small-cell lung cancer (NSCLC). In most lung cancer patients, the biological materials available to morphological and molecular diagnosis are exclusively cytological samples and minimum tumour wastage is necessary. Multiplex fluorescence in situ hybridisation (mFISH) to detect simultaneously <i>ALK-</i>rearrangement and <i>ROS1-</i>rearrangement on a single slide could be usef",Research,,,Cancer,high,True,False
39611685,Spatiotemporal analysis of lung immune dynamics in lethal <i>Coccidioides posadasii</i> infection.,"Coccidioidomycosis, or Valley fever, is a lung disease caused by inhalation of <i>Coccidioides</i> fungi, prevalent in the Southwestern United States, Mexico, and parts of Central and South America. Annually, the United States reports 10,000-20,000 cases, although those numbers are expected to increase as climate change expands the fungal geographic range. While 60% of infections are asymptomatic, 40% symptomatic infections are often misdiagnosed due to similarities with bronchitis or pneumonia.",Research,Cell-Type Deconvolution; Cell-Cell Communication,,Infectious Disease,medium,True,False
40563563,Spatial Transcriptomics in Lung Cancer and Pulmonary Diseases: A Comprehensive Review.,"Recent advancements in spatial transcriptomics (ST) have revolutionized our understanding of the lung's cellular organization and pathological alterations. By preserving the spatial distribution of gene expression, ST reveals localized immune niches, stromal-epithelial interactions, and disease-associated transcriptional ""hotspots"" that cannot be captured by conventional sequencing methods alone. In lung cancer, ST-based investigations have delineated distinct tumor microenvironments between tum",Review,Cell-Cell Communication; Niche & Microenvironment; Spatially Variable Genes,,Lung & Respiratory,high,False,False
41001552,ZipAEr: A compressive convolutional autoencoder for high-dimensional spatial omics data at subcellular resolution.,"Recent advances in spatial transcriptomics have produced rich, high-throughput datasets, but their biological interpretation remains challenging due to analytical complexity. We present ZipAEr, a convolutional autoencoder tailored to extract informative latent features from spatial omics data. Unlike traditional methods that reduce data at the cell level, ZipAEr operates at the transcript level, preserving both subcellular and extracellular spatial context. Conventional autoencoders, built for i",Technology,Spatial Preprocessing,,,medium,False,True
41896221,"HIF1 inhibition targets tumoral and myeloid cells, and is a promising therapy for metastatic castration-resistant prostate cancer.","Metastatic prostate cancer (PCa) remains lethal due to limited effective therapies. PTEN and TP53 are commonly mutated tumor suppressors in metastatic PCa, yet the molecular and cellular mechanisms driving aggressiveness and treatment resistance are not fully understood. We have previously shown that mice with both Pten and Trp53 inactivation in prostate luminal cells at adulthood develop aggressive intraductal prostate carcinoma (IDC) and liver metastases. By combining single-cell and spatial t",Research,Niche & Microenvironment,,Cancer,medium,True,False
33197012,Murine Limb Bud Organ Cultures for Studying Musculoskeletal Development.,"The biological signals that coordinate the three-dimensional outgrowth and patterning of the vertebrate limb bud have been well delineated. These include a number of vital embryonic signaling pathways, including the fibroblast growth factor, WNT, transforming growth factor, and hedgehog. Collectively these signals converge on multiple progenitor populations to drive the formation of a variety of tissues that make up the limb musculoskeletal system, such as muscle, tendon, cartilage, stroma, and ",Protocol,,,Musculoskeletal,high,False,False
42143353,A multi-omics dissection of INHBA<sup>+</sup> CAF-mediated epithelial-mesenchymal transition and immune suppression in colorectal cancer.,"The progression of colorectal cancer (CRC) is profoundly influenced by the tumor microenvironment (TME). However, the spatial functional specialization of cancer-associated fibroblasts (CAFs) in driving malignancy and immune evasion remains poorly defined. This study aims to delineate the spatial and functional heterogeneity of specific CAF subpopulations in CRC. We performed single-cell RNA sequencing (scRNA-seq) on CRC tissues and integrated public datasets to map the stromal landscape. Key ce",Research,Cell-Cell Communication; Niche & Microenvironment; Spatial Domain Identification,Xenium,Cancer,high,True,False
41579565,POSTN⁺ cancer-associated fibroblast-CCL3⁺ macrophage crosstalk defines the immune-excluded tumor microenvironment in clear cell renal cell carcinoma.,"Clear cell renal cell carcinoma (ccRCC) frequently exhibits an immune-excluded tumor microenvironment (TME) that limits the efficacy of immune checkpoint blockade (ICB). However, the stromal-immune interactions responsible for this exclusion remain poorly understood. We integrated eight single-cell RNA sequencing datasets, two spatial transcriptomic datasets, and bulk transcriptomic cohorts to construct a comprehensive ccRCC TME atlas. Fibroblast subsets were characterized using clustering, traj",Research,Cell-Cell Communication; Niche & Microenvironment; Spatial Integration; Spatial Domain Identification,,Cancer,medium,False,False
41303670,Neural Cues and Genomic Clues: NGS Insights into Neurogenic Sarcopenia and Muscle Atrophy.,"Sarcopenia is a progressive loss of skeletal muscle mass and strength with major clinical and economic consequences. While traditional models emphasize mitochondrial dysfunction, inflammation, and proteostasis imbalance, emerging data highlight a neurogenic component involving motor neuron loss, fiber denervation, neuromuscular junction remodeling, and disrupted trophic signaling. To synthesize current evidence on neurogenic mechanisms of sarcopenia revealed by next-generation sequencing and rel",Review,,,Aging,medium,False,False
41393923,"Uncovering the genetic architecture of pungency, carotenoids, and flavor in <i>Capsicum chinense</i> via TWAS-mGWAS integration and spatial transcriptomics.","<i>Capsicum chinense</i> (habanero pepper) exhibits substantial variation in fruit pungency, color, and flavor due to its rich secondary metabolite composition, including capsaicinoids, carotenoids, and volatile organic compounds (VOCs). To dissect the genetic and regulatory basis of these traits, we conducted an integrative analysis across 244 diverse accessions using metabolite profiling, genome-wide association studies (GWAS), and transcriptome-wide association studies (TWAS). GWAS identified",Research,Spatial Domain Identification; Spatially Variable Genes; Multi-Omics Integration,Stereo-seq,Plant Biology,high,True,False
37696725,Resolving plant development in space and time with single-cell genomics.,"Single-cell genomics technologies are ushering in a new research era. In this review, we summarize the benefits and current challenges of using these technologies to probe the transcriptional regulation of plant development. In addition to profiling cells at a single snapshot in time, researchers have recently produced time-resolved datasets to map cell responses to stimuli. Live-imaging and spatial transcriptomic techniques are rapidly being adopted to link a cell's transcriptional profile with",Review,,,Plant Biology,high,False,False
38293110,Copper drives remodeling of metabolic state and progression of clear cell renal cell carcinoma.,"Copper (Cu) is an essential trace element required for mitochondrial respiration. Late-stage clear cell renal cell carcinoma (ccRCC) accumulates Cu and allocates it to mitochondrial cytochrome c oxidase. We show that Cu drives coordinated metabolic remodeling of bioenergy, biosynthesis and redox homeostasis, promoting tumor growth and progression of ccRCC. Specifically, Cu induces TCA cycle-dependent oxidation of glucose and its utilization for glutathione biosynthesis to protect against H <sub>",Research,Niche & Microenvironment,,Cancer,medium,True,False
39428126,Perioperative chemoimmunotherapy induces strong immune responses and long-term survival in patients with HLA class I-deficient non-small cell lung cancer.,"Loss of human leukocyte antigen (HLA) class I expression and loss of heterozygosity (LOH) are common events implicated in the primary resistance of non-small cell lung cancer (NSCLC) to immunotherapy. However, there is no data on perioperative chemoimmunotherapy (ChIO) efficacy or response mechanisms in the context of HLA class I defects. Baseline HLA class I tumor status (HLA-deficient (HLA-DEF) or HLA-proficient (HLA-PRO)) was determined by DNA LOH combined with immunohistochemistry for protei",Research,Niche & Microenvironment,Visium,Cancer,high,True,False
39614076,Granzyme K<sup>+</sup>CD8<sup>+</sup> T cells interact with fibroblasts to promote neutrophilic inflammation in nasal polyps.,"Sophisticated interactions between stromal and immune cells play crucial roles in various biological and pathological processes. In chronic rhinosinusitis with nasal polyps (CRSwNP), the upper airway inflammation in many patients is driven by T<sub>H</sub>2, ILC2, and eosinophils, thus being treated with glucocorticoids and anti-type 2 inflammation biologics. The resistance to these therapies is often associated with neutrophilic inflammation, which has also been widely identified in CRSwNP, but",Research,Cell-Cell Communication; Niche & Microenvironment,,Immunology,high,True,False
40956558,Epstein-barr virus (EBV) in cervical carcinoma detected by in situ hybridization targeting ebers and the viral genome.,"Epstein-Barr virus (EBV) infection has been suggested as a potential cofactor for the development and progression of cervical cancer, collaborating with high-risk Human Papillomavirus (HR-HPV). In situ hybridization (ISH) has been considered the gold standard in the investigation of EBV in neoplasms. This study aimed to detect EBV in cervical carcinoma samples using ISH targeting EBERs (EBER-ISH) and the BamHI-W region of the viral genome (BamHI-W-ISH), and compare the results of both targets. O",Research,,,Cancer,high,True,False
38394161,Digital spatial profiling of segmental outflow regions in trabecular meshwork reveals a role for ADAM15.,In this study we used a spatial transcriptomics approach to identify genes specifically associated with either high or low outflow regions in the trabecular meshwork (TM) that could potentially affect aqueous humor outflow in vivo. High and low outflow regions were identified and isolated from organ cultured human anterior segments perfused with fluorescently-labeled 200 nm FluoSpheres. The NanoString GeoMx Digital Spatial Profiler (DSP) platform was then used to identified genes in the paraffin,Research,Niche & Microenvironment,GeoMx,Ophthalmology,high,True,False
34226720,PaintSHOP enables the interactive design of transcriptome- and genome-scale oligonucleotide FISH experiments.,"Fluorescence in situ hybridization (FISH) allows researchers to visualize the spatial position and quantity of nucleic acids in fixed samples. Recently, considerable progress has been made in developing oligonucleotide (oligo)-based FISH methods that have enabled researchers to study the three-dimensional organization of the genome at super-resolution and visualize the spatial patterns of gene expression for thousands of genes in individual cells. However, there are few existing computational to",Technology,Image-Based Analysis,,,high,False,True
41294309,Primate amnion development.,"Formation of the amnion in humans is crucial for fetal development and a healthy pregnancy. In addition to providing a protective layer to the developing fetus as a component of the amniochorionic fetal membranes, the amnion serves as a signaling center for patterning early embryonic tissues. However, because the amnion is first specified in the human epiblast during implantation, the molecular and cellular events of this early amniogenic process in humans cannot be studied in utero. Recent deve",Review,,,Developmental Biology,medium,False,False
42081452,Syrah: a pipeline to maximize spatial transcriptomics data output.,"Spatial analysis of gene expression patterns has been a key technique for revealing the potential functions of genes. Traditionally, these analyses conducted using in-situ hybridizations and other labor-intensive protocols were constrained to examining only a few candidate genes per sample. However, the advent of spatial transcriptomic techniques like Slide-seqV2 has transformed this field, enabling massively parallel exploration of gene expression patterns within their tissue contexts by pairin",Technology,Spatial Preprocessing,Slide-seq; Curio Seeker,,high,False,True
38798691,Enhanced Complement Expression in the Tumor Microenvironment Following Neoadjuvant Therapy: Implications for Immunomodulation and Survival in Pancreatic Ductal Adenocarcinoma.,"Neoadjuvant therapy (NAT) is increasingly being used for pancreatic ductal adenocarcinoma (PDAC) treatment. However, its specific effects on carcinoma cells and the tumor microenvironment (TME) are not fully understood. This study aims to investigate how NAT differentially impacts PDAC's carcinoma cells and TME. Spatial transcriptomics was used to compare gene expression profiles in carcinoma cells and the TME between 23 NAT-treated and 13 NAT-naïve PDAC patients, correlating with their clinicop",Research,Niche & Microenvironment,,Cancer,medium,True,False
39544521,Spatially resolved transcriptomic signatures of hippocampal subregions and <i>Arc</i>-expressing ensembles in active place avoidance memory.,"The rodent hippocampus is a spatially organized neuronal network that supports the formation of spatial and episodic memories. We conducted bulk RNA sequencing and spatial transcriptomics experiments to measure gene expression changes in the dorsal hippocampus following the recall of active place avoidance (APA) memory. Through bulk RNA sequencing, we examined the gene expression changes following memory recall across the functionally distinct subregions of the dorsal hippocampus. We found that ",Research,,,Neuroscience,medium,True,False
41765358,PANX1-mediated NLRP3 inflammasome activation promotes an adaptive doxorubicin resistance through IL-1β signaling in breast cancer.,"Acquired resistance to chemotherapy is a major clinical obstacle in breast cancer treatment. While inflammasome activation is often induced during chemotherapy, its role in regulating therapeutic resistance remains poorly understood. Pannexin-1 (PANX1), a transmembrane channel protein, is a potential regulator of inflammation, but its function in chemoresistance has not been explored. We used a multifaceted approach combining single-cell/spatial transcriptomics of patient cohorts and functional ",Research,,,Cancer,medium,True,False
40866351,Clonal diversity shapes the tumour microenvironment leading to distinct immunotherapy responses in metastatic urothelial carcinoma.,"Repeated oncogenic mutations and polyclonal proliferation are evident in cancers. However, little is known about the polyclonal principles governing the systemic cancerous lineage during immunotherapy. Here, we examine a unique autopsy case of metastatic urothelial carcinoma that exhibits different treatment responses to anti-PD-1 therapy at each tumor site. By performing in-depth analyses of different multiregional bulk tumor masses, we reveal that subsets of subclones acquire potential driver ",Research,Niche & Microenvironment; Spatial Domain Identification,,Cancer,medium,True,False
38352580,Spatial domain detection using contrastive self-supervised learning for spatial multi-omics technologies.,"Recent advances in spatially-resolved single-omics and multi-omics technologies have led to the emergence of computational tools to detect or predict spatial domains. Additionally, histological images and immunofluorescence (IF) staining of proteins and cell types provide multiple perspectives and a more complete understanding of tissue architecture. Here, we introduce Proust, a scalable tool to predict discrete domains using spatial multi-omics data by combining the low-dimensional representati",Technology,Spatial Domain Identification; Multi-Omics Integration; Image-Based Analysis,,,medium,False,True
39710940,Spatial Proteomics towards cellular Resolution.,"Spatial biology is an emerging interdisciplinary field facilitating biological discoveries through the use of spatial omics technologies. Recent advancements in spatial transcriptomics, spatial genomics (e.g. genetic mutations and epigenetic marks), multiplexed immunofluorescence, and spatial metabolomics/lipidomics have enabled high-resolution spatial profiling of gene expression, genetic variation, protein expression, and metabolites/lipids profiles in tissue. These developments contribute to ",Review,,LCM / Microdissection,,medium,False,False
30121694,"Diagnostic Value Comparison of Urothelium Carcinoma Among Urine Exfoliated Cells Fluorescent In Situ Hybridization (FISH) Examination, Computerized Tomography (CT) Scan, and Urine Cytologic Examination.","BACKGROUND This study aimed to compare the clinical effectiveness of urine exfoliated cells FISH examination, CT scan, and urine cytologic examination on the diagnosis of upper urinary tract urothelium carcinoma with hematuresis symptom. MATERIAL AND METHODS A total of 30 patients with suspicious upper urinary tract urothelium carcinoma between Aug 2010 and Aug 2011 were enrolled, including 23 males and 7 females. All the subjects received urine exfoliated cells FISH examination, CT scan, and ur",Research,,,Cancer,low,False,False
38907917,Visualization of Individual RNA Molecules by Proximity Ligation-Based Chromogenic In Situ Hybridization Assay.,"RNA in situ hybridization reveals the abundance and location of gene expression in cells or tissues, providing a technical basis for the clinical diagnosis of diseases. In this chapter, we show a ""V"" shape probe-mediated single-molecule chromogenic in situ hybridization (vsmCISH) technique for bright-field visualization of individual RNA molecules. In our method, several pairs of target hybridization probes are hybridized to RNA molecules and each probe pair forms a ""V"" shape overhang. The overh",Technology,,,,medium,False,False
38946588,Granulosa Cell-Layer Stiffening Prevents Escape of Mural Granulosa Cells from the Post-Ovulatory Follicle.,"Ovulation is vital for successful reproduction. Following ovulation, cumulus cells and oocyte are released, while mural granulosa cells (mGCs) remain sequestered within the post-ovulatory follicle to form the corpus luteum. However, the mechanism underlying the confinement of mGCs has been a longstanding mystery. Here, in vitro and in vivo evidence is provided demonstrating that the stiffening of mGC-layer serves as an evolutionarily conserved mechanism that prevents mGCs from escaping the post-",Research,,,,medium,True,False
32470320,A Clickable APEX Probe for Proximity-Dependent Proteomic Profiling in Yeast.,"The engineered ascorbate peroxidase (APEX) is a powerful tool for the proximity-dependent labeling of proteins and RNAs in live cells. Although widely use in mammalian cells, APEX applications in microorganisms have been hampered by the poor labeling efficiency of its biotin-phenol (BP) substrate. In this study, we sought to address this challenge by designing and screening a panel of alkyne-functionalized substrates. Our best probe, Alk-Ph, substantially improves APEX-labeling efficiency in int",Technology,,,,medium,True,False
27418132,Responses to crizotinib in patients with ALK-positive lung adenocarcinoma who tested immunohistochemistry (IHC)-positive and fluorescence in situ hybridization (FISH)-negative.,"Although the Ventana immunohistochemistry (IHC) platform for detecting anaplastic lymphoma kinase gene (ALK) (D5F3) expression was recently approved by the US Food and Drugs Administration (FDA), fluorescence in situ hybridization (FISH) is still the ""gold-standard"" method recommended by the US National Comprehensive Cancer Network (NCCN) guideline for NSCLC. We evaluated 6 ALK-positive lung adenocarcinoma patients who tested Ventana IHC-positive and FISH-negative and assessed their clinical res",Research,,,Cancer,high,True,False
40671812,Spatiotemporal transcriptomic profiling reveals metabolic dysfunction prior to overt tauopathy in the PS19 mouse model.,"Abnormal accumulation of hyperphosphorylated tau in neurofibrillary tangles is a hallmark of neurodegenerative diseases, such as Alzheimer's disease (AD) and frontotemporal dementia. In AD, tangle pathology characteristically develops in brain regions with heightened vulnerability, such as the entorhinal cortex and hippocampus. Emerging evidence implicates mitochondrial dysfunction and metabolic disturbances in AD progression, yet the relationship between regional vulnerability and pretangle tau",Research,,,Neuroscience,medium,True,False
29130203,Live Imaging of Nuclear RNPs in Mammalian Complex Tissue with ECHO-liveFISH.,"Multiplex RNA detection with fluorescence microscopy offers high spatial and temporal resolution required for addressing complex behaviors of RNA in living cells. Using chemically engineered linear oligonucleotide probes that emit fluorescence upon hybridization to target RNA, we have devised an imaging method suitable for studies of the dynamic regulation of nuclear RNPs, an important and yet poorly understood cellular pathway of gene expression. This new method labels specific sequences of RNA",Technology,Image-Based Analysis,,Neuroscience,high,True,False
40627455,Hair follicle epithelial stem cells contribute to interfollicular epidermis during homeostasis.,"Mammalian skin is a vital barrier with the epidermis serving as its protective outer layer, continually undergoing renewal. Given that loss of the epidermis or its barrier function is lethal for mammals, multiple stem cell populations likely exist for the interfollicular epidermis (IFE), enhancing evolutionary survival. Here, we demonstrate that transcription factor KROX20 marks a heterogeneous stem cell population in the upper and middle mouse hair follicle (HF), partially overlapping with know",Research,,,Dermatology,high,True,False
41369196,Slicing overcomes the bacterial cell wall barrier to fluorescence <i>in situ</i> hybridization.,"Simultaneous visualization of all bacterial species in a polymicrobial biofilm by fluorescence <i>in situ</i> hybridization (FISH) remains a challenge because bacterial taxa respond differently to the hybridization procedure. This heterogeneity is due, in part, to the cell wall barrier of Gram-positive taxa. Enzymatic procedures required to permeabilize the cell walls of Gram-positive microbes can result in the disruption or loss of Gram-negative bacteria. Here, we demonstrate a procedure that e",Protocol,,,,medium,True,False
41269758,Spatial transcriptomics reveals immune-stromal crosstalk within the synovium of patients with juvenile idiopathic arthritis.,"Juvenile idiopathic arthritis (JIA) is the most prevalent chronic inflammatory arthritis of childhood, yet the spatial organization in the synovium remains poorly understood. Here, we perform subcellular-resolution spatial transcriptomic profiling of synovial tissue from patients with active JIA. We identify diverse immune and stromal cell populations and reconstruct spatially defined cellular niches. Applying a newly developed spatial colocalization analysis pipeline, we uncover microanatomical",Research,Spatial Domain Identification; Cell-Cell Communication; Niche & Microenvironment,,Musculoskeletal,high,True,True
40945518,Multi-scaled transcriptomics of chronically inflamed nasal epithelium reveals immune-epithelial dynamics and tissue remodeling in nasal polyp formation.,"Chronic rhinosinusitis (CRS) is a common chronic inflammatory disease of the sinonasal cavity affecting millions worldwide. Its complex pathophysiology remains poorly understood, with emerging evidence implicating interactions between diverse immune and epithelial cells in disease progression. We applied single-cell RNA sequencing (scRNA-seq) and spatial transcriptomics to both dissociated and intact human tissues from individuals with CRS with and without nasal polyps and compared them with con",Research,Spatial Trajectory Inference; Cell-Cell Communication; Spatial Integration,,Immunology,medium,True,False
38406595,Applications of single‑cell omics and spatial transcriptomics technologies in gastric cancer (Review).,"Gastric cancer (GC) is a prominent contributor to global cancer-related mortalities, and a deeper understanding of its molecular characteristics and tumor heterogeneity is required. Single-cell omics and spatial transcriptomics (ST) technologies have revolutionized cancer research by enabling the exploration of cellular heterogeneity and molecular landscapes at the single-cell level. In the present review, an overview of the advancements in single-cell omics and ST technologies and their applica",Review,,,Cancer,high,False,False
39692961,Aging and head and neck cancer insights from single cell and spatial transcriptomic analyses.,"Head and neck squamous cell carcinoma(HNSCC) is the sixth most common malignancy worldwide, with more than 890,000 new cases and 450,000 deaths annually. Its major risk factors include smoking, alcohol abuse, aging, and poor oral hygiene. Due to the lack of early and effective detection and screening methods, many patients are diagnosed at advanced stages with a five-year survival rate of less than 50%. In this study, we deeply explored the expression of Aging-related genes(ARGs) in HNSCC and an",Research,Cell-Type Deconvolution; Spatial Preprocessing,,Cancer,medium,False,False
39583094,Development of mutated β-catenin gene signature to identify <i>CTNNB1</i> mutations from whole and spatial transcriptomic data in patients with HCC.,"Patients with β-catenin (encoded by <i>CTNNB1</i>)-mutated hepatocellular carcinoma (HCC) demonstrate heterogenous responses to first-line immune checkpoint inhibitors (ICIs). Precision-medicine based treatments for this subclass are currently in clinical development. Here, we report derivation of the Mutated β-catenin Gene Signature (MBGS) to predict <i>CTNNB1</i>-mutational status in patients with HCC for future application in personalized medicine treatment regimens. Co-expression of mutant-N",Research,Niche & Microenvironment; Benchmarking & Evaluation; Spatial Integration,,Liver & Hepatology,medium,False,False
39374811,"Bulk integrated single-cell-spatial transcriptomics reveals the impact of preoperative chemotherapy on cancer-associated fibroblasts and tumor cells in colorectal cancer, and construction of related predictive models using machine learning.","Preoperative chemotherapy (PC) is an important component of Colorectal cancer (CRC) treatment, but its effects on the biological functions of fibroblasts and epithelial cells in CRC are unclear. This study utilized bulk, single-cell, and spatial transcriptomic sequencing data from 22 independent cohorts of CRC. Through bioinformatics analysis and in vitro experiments, the research investigated the impact of PC on fibroblast and epithelial cells in CRC. Subpopulations associated with PC and CRC p",Research,Niche & Microenvironment; Cell-Cell Communication; Spatial Integration,,Cancer,medium,False,False
39238121,Using colorimetric in situ hybridisation method for FcaPV-2 to estimate postsurgical prognosis in feline Bowenoid in situ carcinoma.,"Feline Bowenoid in situ carcinoma (BISC) is frequently associated with Felis catus papillomavirus-2 (FcaPV-2). Although surgical excision of BISC is expected to be curative, recurrent lesions are reported and it is not known whether it is a consequence of incomplete surgery or residual viral load. To combine colorimetric in situ hybridisation (CISH) and quantitative (q)PCR for the detection of viral DNA, and to correlate the clinical outcome of cats with BISC in which FcaPV-2 DNA is detected at ",Research,,,Cancer,low,True,False
39527218,Homebuilt Imaging-Based Spatial Transcriptomics: Tertiary Lymphoid Structures as a Case Example.,"Spatial transcriptomics methods provide insight into the cellular heterogeneity and spatial architecture of complex, multicellular systems. Combining molecular and spatial information provides important clues to study tissue architecture in development and disease. Here, we present a comprehensive do-it-yourself (DIY) guide to perform such experiments at reduced costs leveraging open-source approaches. This guide spans the entire life cycle of a project, from its initial definition to experiment",Protocol,Image-Based Analysis; Spatial Preprocessing,,Immunology,medium,False,False
37770450,Thalamocortical control of cell-type specificity drives circuits for processing whisker-related information in mouse barrel cortex.,"Excitatory spiny stellate neurons are prominently featured in the cortical circuits of sensory modalities that provide high salience and high acuity representations of the environment. These specialized neurons are considered developmentally linked to bottom-up inputs from the thalamus, however, the molecular mechanisms underlying their diversification and function are unknown. Here, we investigated this in mouse somatosensory cortex, where spiny stellate neurons and pyramidal neurons have disti",Research,Spatially Variable Genes,,Neuroscience,medium,True,False
41968061,Senescence Programs Shape the Chronic Wound Microenvironment.,"Chronic wounds such as diabetic foot ulcers, venous leg ulcers, and pressure ulcers are characterized by impaired healing and persistent inflammation. Cellular senescence, defined as irreversible growth arrest with a pro-inflammatory secretory phenotype (senescence-associated secretory phenotype), has emerged as a potential driver of these nonhealing states. While transient induction of senescence may aid acute repair, chronic accumulation of senescent cells is thought to disrupt tissue regenera",Review,,,Dermatology,medium,False,False
27151704,Assessment of chromosomal aneuploidies in sperm of infertile males by using FISH technique.,"Reproductive failure is one of the most important issues for the population at age of procreation and approximately 15% of the couples who try to conceive a baby encounter reproductive difficulties. In this study, we used multicolor fluorescent in situ hybridization (FISH) probes for chromosomes 13, 18, 21, X and Y to evaluate the aneuploidy incidence in sperm cells. The study group included 35 males with infertility and oligoasthenoteratozoospermia (OAT) and 20 males with normal fertility and n",Research,,,,high,True,False
40500276,"Spatial organization, chromatin accessibility and gene-regulatory programs defining mouse sensory neurons.","Heterogeneity among somatosensory neurons is necessary for internal and external sensation. Precise patterns of gene transcription orchestrated through enhancer activation maintain heterogeneity. Thus, high-resolution cell type classification, chromatin accessibility and its relation to enhancer activation can explain the governing principles for sensory neuron heterogeneity. Here, we present an integrated atlas from published high-quality scRNA-seq datasets and resequencing the dorsal root gang",Research,Spatial Domain Identification; Spatial Integration; Multi-Omics Integration,MERSCOPE,Neuroscience,high,True,False
40087269,Expression of ENL YEATS domain tumor mutations in nephrogenic or stromal lineage impairs kidney development.,"Recurrent gain-of-function mutations in the histone reader protein ENL have been identified in Wilms tumor, the most prevalent pediatric kidney cancer. However, their pathological significance in kidney development and tumorigenesis in vivo remains elusive. Here, we generate mouse models mimicking ENL tumor (ENL<sup>T</sup>) mutations and show that heterozygous mutant expression in Six2<sup>+</sup> nephrogenic or Foxd1<sup>+</sup> stromal lineages leads to severe, lineage-specific kidney defects",Research,Spatial Domain Identification; Niche & Microenvironment,,Cancer,medium,True,False
41228276,Integrated Multi-Omics Analysis Identifies SRI as a Critical Target Promoting Gastric Cancer Progression and Associated with Poor Prognosis.,"<b>Background:</b> We aimed to identify key molecular drivers of gastric cancer progression and poor prognosis by integrating multi-omics analyses with experimental validation. <b>Methods:</b> Single-cell RNA-seq data were clustered to delineate major cell types. InferCNV identified tumor epithelial cells, and reclustering revealed a malignant subset with poor prognosis. The overlap between subset markers and The Cancer Genome Atlas Stomach Adenocarcinoma (TCGA-STAD) upregulated differentially e",Research,Multi-Omics Integration,,Cancer,medium,False,False
28608010,Transcriptome Architecture of Adult Mouse Brain Revealed by Sparse Coding of Genome-Wide In Situ Hybridization Images.,"Highly differentiated brain structures with distinctly different phenotypes are closely correlated with the unique combination of gene expression patterns. Using a genome-wide in situ hybridization image dataset released by Allen Mouse Brain Atlas, we present a data-driven method of dictionary learning and sparse coding. Our results show that sparse coding can elucidate patterns of transcriptome organization of mouse brain. A collection of components obtained from sparse coding display robust re",Research,Image-Based Analysis; Spatial Co-Expression,,Neuroscience,medium,False,True
40742809,A spatial imaging-transcriptomics paradigm for deciphering the molecular basis of microscopic MRI in the normal brain and Alzheimer's disease.,"Imaging genomics offers powerful links between genetics and neuroimaging phenotypes, but conventional methods often lack spatial correspondence. We introduce spatial imaging-transcriptomics, a paradigm that directly integrates magnetic resonance imaging (MRI) and spatially resolved transcriptomics (ST) with matched resolution from the same brain through spatially co-registered maps. We apply this framework to wild-type and Alzheimer's disease (AD) mouse models to uncover the molecular underpinni",Technology,Spatial Integration; Multi-Omics Integration; Image-Based Analysis,,Neuroscience,medium,True,False
39583806,Non-coding RNAs in oral cancer: Emerging biomarkers and therapeutic frontier.,"Around the world, oral cancer (OC) is a major public health problem, resulting in a significant number of deaths each year. Early detection and treatment are crucial for improving patient outcomes. Recent progress in DNA sequencing and transcriptome profiling has revealed extensive non-coding RNAs (ncRNAs) transcription, underscoring their regulatory importance. NcRNAs influence genomic transcription and translation and molecular signaling pathways, making them valuable for various clinical appl",Review,,,Cancer,medium,False,False
42156717,Spatial single-cell landscape of tumor-associated macrophages and their crosstalk with the tumor microenvironment.,"Tumor-associated macrophages (TAMs) constitute a critical immune cell population within the tumor microenvironment (TME) and exhibit high functional heterogeneity. In this study, a pan-cancer atlas comprising 28 TAM subtypes was systematically constructed by integrating single-cell transcriptomic and spatial transcriptomic data from 291 human samples across 16 cancer types. The biological characteristics and spatial distribution patterns of these subtypes within the TME as well as the interactio",Research,Spatial Integration; Cell-Type Deconvolution; Cell-Cell Communication; Niche & Microenvironment,,Cancer,medium,False,False
40501673,Spatiotemporal transcriptomic analysis during cold ischemic injury to the murine kidney reveals compartment-specific changes.,"Kidney transplantation is the gold standard treatment strategy for end-stage renal disease. Deceased donor kidneys usually undergo cold storage until kidney transplantation, leading to cold ischemia injury that may contribute to poor graft outcomes. However, the molecular characterization of potential mechanisms of cold ischemia injury remains incomplete. To bridge this knowledge gap, we leveraged spatial transcriptomics technology to perform full transcriptome characterization of cold ischemia ",Research,Spatial Domain Identification; Spatial Preprocessing; Niche & Microenvironment; Spatial Integration,,Kidney & Nephrology,high,True,True
39388223,Sulfur-oxidizing symbionts colonize the digestive tract of their lucinid hosts.,"Like many marine invertebrates, marine lucinid clams have an intimate relationship with beneficial sulfur-oxidizing bacteria located within specialized gill cells known as bacteriocytes. Most previous research has focused on the symbionts in the gills of these (and other) symbiotic bivalves, often assuming that the symbionts only persistently colonize the gills, at least in the adult stage. We used 16S rRNA gene sequencing and digital polymerase chain reaction with symbiont-specific primers targ",Research,Image-Based Analysis,,,medium,True,False
41787252,Multi-Omics Data Reveal Estrogen-Driven Dysregulation and Stromal-Epithelial Signaling Alterations in Endometrial Polyps.,"Endometrial polyps (EPs) are common uterine lesions associated with abnormal uterine bleeding and infertility, yet their pathogenesis remains poorly defined. Here, we performed single-cell RNA sequencing of normal endometrium, para-polyp, and polyp tissues, identifying distinct cellular compositions and transcriptional programs. EPs showed enhanced estrogen signaling and increased epithelial proliferation, accompanied by decreased expression of cytokines and reduced T cell cytotoxicity. Notably,",Research,Cell-Cell Communication; Multi-Omics Integration,,Cancer,high,True,False
38811360,SpaNCMG: improving spatial domains identification of spatial transcriptomics using neighborhood-complementary mixed-view graph convolutional network.,"The advancement of spatial transcriptomics (ST) technology contributes to a more profound comprehension of the spatial properties of gene expression within tissues. However, due to challenges of high dimensionality, pronounced noise and dynamic limitations in ST data, the integration of gene expression and spatial information to accurately identify spatial domains remains challenging. This paper proposes a SpaNCMG algorithm for the purpose of achieving precise spatial domain description and loca",Technology,Spatial Domain Identification; Benchmarking & Evaluation,,Neuroscience,high,False,True
40747415,Towards interpretable molecular and spatial analysis of the tumor microenvironment from digital histopathology images with HistoTME-v2.,"The tumor microenvironment (TME) is a critical focus for biomarker discovery and therapeutic targeting in cancer. However, widespread clinical adoption of TME profiling is hindered by the high cost and technical complexity of current platforms such as spatial transcriptomics and proteomics. Artificial Intelligence (AI)-based analysis of the TME from routine Hematoxylin & Eosin (H&E)-stained pathology slides presents a promising alternative. Yet, most existing deep learning approaches depend on e",Technology,Image-Based Analysis,Visium,Cancer,high,False,True
36590163,Alternative normalization and analysis pipeline to address systematic bias in NanoString GeoMx Digital Spatial Profiling data.,"Spatial transcriptomics is a novel technique that provides RNA-expression data with tissue-contextual annotations. Quality assessments of such techniques using end-user generated data are often lacking. Here, we evaluated data from the NanoString GeoMx Digital Spatial Profiling (DSP) platform and standard processing pipelines. We queried 72 ROIs from 12 glioma samples, performed replicate experiments of eight samples for validation, and evaluated five external datasets. The data consistently sho",Research,Spatial Preprocessing; Benchmarking & Evaluation; Spatial Co-Expression,GeoMx,Cancer,high,True,False
34518039,Detection of NTRK fusions in glioblastoma: fluorescent in situ hybridisation is more useful than pan-TRK immunohistochemistry as a screening tool prior to RNA sequencing.,"Glioblastomas are frequent malignant brain tumours with a very poor prognosis and a need for new and efficient therapeutic strategies. With the approval of anti-TRK targeted therapies to treat patients with advanced NTRK-rearranged cancers, independent of the type of cancer, potential new treatment opportunities are available for the 0.5-5% of patients with NTRK-rearranged glioblastomas. Identification of these rare NTRK-rearranged glioblastomas requires efficient diagnostic tools and strategies",Research,,,Cancer,high,True,False
39181076,Integrated multi-omics analyses reveal the pro-inflammatory and pro-fibrotic pulmonary macrophage subcluster in silicosis.,"Silicosis is a lethal occupational disease caused by long-term exposure to respirable silica dust. Pulmonary macrophages play a crucial role in mediating the initiation of silicosis. However, the phenotypic and functional heterogeneities of pulmonary macrophages in silicosis have not been well-studied. The silicosis mouse model was established by intratracheal administration of silica suspension. Bronchoalveolar lavage fluids (BALFs) of mice were collected for the multiplex cytokine analysis. Si",Research,Spatial Trajectory Inference; Niche & Microenvironment; Spatial Integration; Cell-Type Deconvolution,,Lung & Respiratory,medium,True,False
41875300,Host-viral interaction of HBV infection revealed by single-cell transcriptome jointly profiling the viral replication state.,"Hepatitis B virus (HBV) infection exhibits marked cellular heterogeneity, which conventional poly(A)-based single-cell RNA sequencing fails to resolve this heterogeneity owing to the overwhelming host transcript background. To overcome this, we developed B-BEST (HBV can BE Seen on host Transcriptome), a targeted sc/snRNA-seq approach using custom beads conjugated with HBV-specific probes to simultaneously quantify 5 viral genomic regions (S, X, pgRNA, rcDNA, cccDNA). We validated B-BEST in HepAD",Technology,,,Liver & Hepatology,medium,True,False
39364136,Embryonic development grand challenge: crosslinking advances.,"Research on embryonic development is entering into a new era. As a traditionally descriptive discipline within anatomy, embryologists have formed international consortia and digitized important histological collections for preservation and open access. Embryonic development has recently received a wider attention in context with temporo-spatial transcriptomics at single cell level. These can be expected to fuel the realization of the transdisciplinary significance of efforts to decipher embryoni",Review,,,Developmental Biology,medium,False,False
32298094,In Situ Fluorescence Tomography Enables a 3D Mapping of Enzymatic O<sub>2</sub> Reduction at the Electrochemical Interface.,Getting information about the fate of immobilized enzymes and the evolution of their environment during turnover is a mandatory step toward bioelectrode optimization for effective use in biodevices. We demonstrate here the proof-of-principle visual characterization of the reactivity at an enzymatic electrode thanks to fluorescence confocal laser scanning microscopy (FCLSM) implemented in situ during the electrochemical experiment. The enzymatic O<sub>2</sub> reduction involves proton-coupled ele,Technology,,,,high,True,False
38555105,Morphology combined with <i>HER2</i> D-DISH ploidy analysis to diagnose partial hydatidiform mole: an evaluation audit using molecular genotyping.,"A hydatidiform mole (HM) is classified as complete (CHM) or partial (PHM) based on its morphology and genomic composition. Ancillary techniques are often required to confirm a morphologically suspected PHM diagnosis. This study sought to evaluate the clinical accuracy of PHM diagnosis using morphological assessment supported by <i>HER2</i> dual-colour dual-hapten in situ hybridisation (D-DISH) ploidy determination. Over a 2-year period, our unit examined 1265 products of conception (POCs) from w",Research,,,,high,True,False
41370001,Clinical ERG break-apart fluorescence in situ hybridization assay: practical utility and lessons from an 8-year tertiary institution experience.,"ERG gene fusions are present in up to 60% of localized prostate cancer and up to 45% of metastatic prostate cancer. Fluorescence in situ hybridization (FISH) assays can detect the vast majority of ERG gene fusions and help confirm prostatic origin. We reviewed clinical ERG FISH assays performed at our tertiary institution by our in-house consult services between 2016 and 2024 where prostatic adenocarcinoma was in the differential diagnosis. We summarized clinical information, immunohistochemistr",Research,,,Cancer,high,True,False
40236251,mcDETECT: Decoding 3D Spatial Synaptic Transcriptomes with Subcellular-Resolution Spatial Transcriptomics.,"Spatial transcriptomics (ST) has shown great potential for unraveling the molecular mechanisms of neurodegenerative diseases. However, most existing analyses of ST data focus on bulk or single-cell resolution, overlooking subcellular compartments such as synapses, which are fundamental structures of the brain's neural network. Here we present mcDETECT, a novel framework that integrates machine learning algorithms and <i>in situ</i> ST (iST) with targeted gene panels to study synapses. mcDETECT i",Technology,Spatial Domain Identification; Benchmarking & Evaluation; 3D Reconstruction; Image-Based Analysis,Xenium; MERFISH; CosMx,Neuroscience,high,False,True
37728123,Detection of Human Papillomavirus in Squamous Papilloma of the Esophagus.,<i>Introduction:</i> The etiology of esophageal squamous papilloma (ESP) is largely unknown. Previous studies have shown a variable association with human papillomavirus (HPV) with conflicting data. The aim of this study was to further investigate the possible association of HPV in our ESP series using RNA in-situ hybridization (ISH) and compare study groups from the United States of America and China. <i>Methods:</i> Demographic and clinical data of patients with ESP were retrieved from the Uni,Research,,,Gastrointestinal,high,True,False
40545244,Fusion of spatiotemporal and network models to prioritize multiscale effects in single-cell perturbations.,"Understanding how cells respond to biological perturbations over time and across tissues is key to identifying regulators and networks that inform personalized medicine. Current methods struggle to quantify these dynamic influences in complex multicellular or multitissue systems, especially using single-cell data with spatial and temporal resolution. To address this, we introduce Perturb-STNet, a novel framework that leverages network-based spatiotemporal models to rank spatial and temporal diff",,,,,,False,False
40531365,Unveiling Moxibustion's Impact on AD Mice Learning and Memory: Role of Mitochondrial Respiratory Chain Complex I Subunit in the Hippocampus.,"Alzheimer's disease (AD) is a prevalent neurodegenerative disorder characterized by significant impairment in energy metabolism. Our previous studies have demonstrated that moxibustion can ameliorate cognitive dysfunction by enhancing brain energy metabolism in individuals with AD, yet its fundamental mechanism remains incompletely understood. In this study, spatial transcriptomics, biochemical assays, and transmission electron microscopy were utilized to identify differentially expressed genes ",Research,Spatially Variable Genes; Spatial Co-Expression,,Neuroscience,high,True,False
40881677,Immunotherapy biomarkers in brain metastases: insights into tumor microenvironment dynamics.,"Brain metastases (BM), represent the most common intracranial malignancies in adults and remain a major clinical challenge due to their poor prognosis and limited therapeutic options. Although immunotherapy has emerged and offers a promising strategy, its efficacy in BM is often compromised by the immunosuppressive tumor microenvironment (TME) and limited immune cell infiltration. This review highlights the critical role of cytokines and growth factors as key modulators of immune dynamics in the",Review,,,Cancer,medium,False,False
39779896,Sialic acid aptamer and RNA in situ hybridization-mediated proximity ligation assay for spatial imaging of glycoRNAs in single cells.,"Glycosylated RNAs (glycoRNAs) have recently emerged as a new class of molecules of substantial interest owing to their potential roles in cellular processes and diseases. However, studying glycoRNAs is challenging owing to the lack of effective research tools including, but not limited to, imaging techniques to study the spatial distribution of glycoRNAs. Recently, we reported the development of a glycoRNA imaging technique, called sialic acid aptamer and RNA in situ hybridization-mediated proxi",Protocol,Image-Based Analysis,,,medium,False,False
33685491,Giotto: a toolbox for integrative analysis and visualization of spatial expression data.,"Spatial transcriptomic and proteomic technologies have provided new opportunities to investigate cells in their native microenvironment. Here we present Giotto, a comprehensive and open-source toolbox for spatial data analysis and visualization. The analysis module provides end-to-end analysis by implementing a wide range of algorithms for characterizing tissue composition, spatial expression patterns, and cellular interactions. Furthermore, single-cell RNAseq data can be integrated for spatial ",Technology,Spatial Domain Identification; Spatially Variable Genes; Cell-Type Deconvolution; Cell-Cell Communication,,,high,False,True
33558695,Transcriptome-scale spatial gene expression in the human dorsolateral prefrontal cortex.,"We used the 10x Genomics Visium platform to define the spatial topography of gene expression in the six-layered human dorsolateral prefrontal cortex. We identified extensive layer-enriched expression signatures and refined associations to previous laminar markers. We overlaid our laminar expression signatures on large-scale single nucleus RNA-sequencing data, enhancing spatial annotation of expression-driven clusters. By integrating neuropsychiatric disorder gene sets, we showed differential lay",Research,Spatial Domain Identification; Cell-Type Deconvolution; Spatial Integration; Spatial Preprocessing,Visium,Neuroscience,high,True,True
36856115,Single-cell RNA sequencing and spatial transcriptomics reveal cancer-associated fibroblasts in glioblastoma with protumoral effects.,Cancer-associated fibroblasts (CAFs) were presumed absent in glioblastoma given the lack of brain fibroblasts. Serial trypsinization of glioblastoma specimens yielded cells with CAF morphology and single-cell transcriptomic profiles based on their lack of copy number variations (CNVs) and elevated individual cell CAF probability scores derived from the expression of 9 CAF markers and absence of 5 markers from non-CAF stromal cells sharing features with CAFs. Cells without CNVs and with high CAF ,Research,Spatial Trajectory Inference; Cell-Cell Communication; Niche & Microenvironment,,Cancer,medium,True,False
28398467,ST Pipeline: an automated pipeline for spatial mapping of unique transcripts.,"In recent years we have witnessed an increase in novel RNA-seq based techniques for transcriptomics analysis. Spatial transcriptomics is a novel RNA-seq based technique that allows spatial mapping of transcripts in tissue sections. The spatial resolution adds an extra level of complexity, which requires the development of new tools and algorithms for efficient and accurate data processing. Here we present a pipeline to automatically and efficiently process RNA-seq data obtained from spatial tran",Technology,Spatial Preprocessing,,,high,False,True
40401371,Single-Cell and Spatial Transcriptomics Identified Fatty Acid-Binding Proteins Controlling Endothelial Glycolytic and Arterial Programming in Pulmonary Hypertension.,"Pulmonary arterial hypertension (PAH) is a devastating disease characterized by obliterative vascular remodeling and persistent increase of vascular resistance, leading to right heart failure and premature death. Understanding the cellular and molecular mechanisms will help develop novel therapeutic approaches for patients with PAH. Recent studies showed that FABP (fatty acid-binding protein) 4 and FABP5 are expressed in endothelial cells (ECs) across multiple tissues, and circulating FABP4 leve",Research,Spatial Domain Identification,,Lung & Respiratory,medium,True,False
41540123,Integration of imaging-based and sequencing-based spatial omics mapping on the same tissue section via DBiTplus.,"Spatially mapping the transcriptome and proteome in the same tissue section can profoundly advance our understanding of cellular heterogeneity and function. Here we present Deterministic Barcoding in Tissue sequencing plus (DBiTplus), an integrative multimodal spatial omics approach combining sequencing-based spatial transcriptomics and multiplexed protein imaging on the same section, enabling both single-cell-resolution cell typing and transcriptome-wide interrogation of biological pathways. DB",Technology,Multi-Omics Integration; Spatial Integration; Image-Based Analysis; Cell-Type Deconvolution,DBiT-seq,Cancer,high,True,True
31913438,BEM: Mining Coregulation Patterns in Transcriptomics via Boolean Matrix Factorization.,"The matrix factorization is an important way to analyze coregulation patterns in transcriptomic data, which can reveal the tumor signal perturbation status and subtype classification. However, current matrix factorization methods do not provide clear bicluster structure. Furthermore, these algorithms are based on the assumption of linear combination, which may not be sufficient to capture the coregulation patterns. We presented a new algorithm for Boolean matrix factorization (BMF) via expectati",Technology,Spatial Co-Expression,,Cancer,medium,False,True
35487823,Singling out motor neurons in the age of single-cell transcriptomics.,"Motor neurons are a remarkably powerful cell type in the central nervous system. They innervate and control the contraction of virtually every muscle in the body and their dysfunction underlies numerous neuromuscular diseases. Some motor neurons seem resistant to degeneration whereas others are vulnerable. The intrinsic heterogeneity of motor neurons in adult organisms has remained elusive. The development of high-throughput single-cell transcriptomics has changed the paradigm, empowering rapid ",Review,,,Neuroscience,high,False,False
41701590,PGST: A prototype-guided parameter-efficient network for spatial transcriptomics prediction.,"Spatial transcriptomics (ST) aims to decode spatially resolved gene expression patterns while preserving tissue morphology. Current methods tend to use lower-cost deep learning approaches for gene expression prediction, yet face severe challenges. First, existing methods fail to give sufficient consideration to the spatial specificity of positional encoding inherent in ST; second, they neglect to leverage spatially coherent co-expression patterns across different domains; third, their reliance o",Technology,Gene Imputation; Spatial Co-Expression,,,medium,False,True
32923457,Pinpointing Cell Identity in Time and Space.,"Mammalian cells display a broad spectrum of phenotypes, morphologies, and functional niches within biological systems. Our understanding of mechanisms at the individual cellular level, and how cells function in concert to form tissues, organs and systems, has been greatly facilitated by centuries of extensive work to classify and characterize cell types. Classic histological approaches are now complemented with advanced single-cell sequencing and spatial transcriptomics for cell identity studies",Review,Image-Based Analysis,,,medium,False,False
32710401,Quantitative Fluorescence In Situ Hybridization Detection of Plant mRNAs with Single-Molecule Resolution.,"Single-molecule FISH (smFISH) has been widely used in animal tissue to localize and quantify RNAs with high specificity. This protocol describes an smFISH method optimized for highly autofluorescent plant tissue. It provides details on fixation buffers and protocols to protect the integrity of plant samples. We also provide smFISH hybridization conditions to detect plant RNA with ~50 fluorescently labeled DNA oligonucleotides. In addition, this protocol provides instructions on linear spectral u",Protocol,Image-Based Analysis,,Plant Biology,medium,False,False
33230773,Visualizing Mitochondrial Ribosomal RNA and Mitochondrial Protein Synthesis in Human Cell Lines.,"Human mitochondria contain their own DNA (mtDNA) that encodes 13 proteins all of which are core subunits of oxidative phosphorylation (OXPHOS) complexes. To form functional complexes, these 13 components need to be correctly assembled with approximately 70 nuclear-encoded subunits that are imported following synthesis in the cytosol. How this complicated coordinated translation and assembly is choreographed is still not clear. Methods are being developed to determine whether all members of a par",Protocol,Image-Based Analysis,,,medium,False,False
27537935,Philadelphia Chromosome-Positive Acute Lymphoblastic Leukemia Is Separated into Two Subgroups Associated with Survival by BCR-ABL Fluorescence in situ Hybridization of Segmented Cell Nuclei: Report from a Single Institution.,Philadelphia chromosome-positive (Ph+) acute lymphoblastic leukemia (ALL) may include the lymphoid blast crisis of chronic myeloid leukemia (CML-BC). We applied fluorescence in situ hybridization (FISH) of the BCR-ABL fusion gene to peripheral blood and/or bone marrow smears to determine whether the fusion was restricted to mononuclear cell nuclei or if segmented cell nuclei representing mature neutrophils also carried the fusion (Seg-FISH). Among 20 patients with Ph+ ALL without a prior diagnos,Research,,,Cancer,high,False,False
41398516,Western Diet Inhibits FUT7-Mediated Treg Intestinal Homing to Disrupt the Homeostasis of Intestinal Epithelial Cells in Crohn's Disease.,"The Western diet (WD) is a potential risk factor for developing Crohn's disease (CD), characterized by disordered homeostasis of intestinal epithelial cells (IECs). However, how WD disrupts the IEC homeostasis remains unclear. Here, it is shown that WD disrupts the IEC homeostasis through inhibiting Fut7-mediated Treg intestinal homing to weaken Treg and IEC signaling crosstalk. In this study, it is found that WD disrupted the IEC barrier, downregulated Fut7 expression in Tregs, and decreased co",Research,Cell-Cell Communication; Niche & Microenvironment,,Gastrointestinal,high,True,False
35175659,"Liver zonation, revisited.","The concept of hepatocyte functional zonation is well established, with differences in metabolism and xenobiotic processing determined by multiple factors including oxygen and nutrient levels across the hepatic lobule. However, recent advances in single-cell genomics technologies, including single-cell and nuclei RNA sequencing, and the rapidly evolving fields of spatial transcriptomic and proteomic profiling have greatly increased our understanding of liver zonation. Here we discuss how these t",Review,,,Liver & Hepatology,medium,False,False
40220278,Multi-Manifolds fusing hyperbolic graph network balanced by pareto optimization for identifying spatial domains of spatial transcriptomics.,"Identifying spatial domains for spatial transcriptomics is crucial for achieving comprehensive insights into the pathogenesis of gene expression. Increasingly, computational methods based on graph neural networks are being developed for spatial transcriptomics. However, previous methods have solely focused on the Euclidean manifold. To effectively exploit and explore the informative and deeper topological structures of inherent manifolds, we presented a Multi-Manifolds fusing hyperbolic graph ne",Technology,Spatial Domain Identification,,,high,False,False
41564647,Thyroid hormone signaling causally influences pancreatic disease risk: Evidence from Mendelian randomization and multi-omics integration.,"The relationship between thyroid function and pancreatic disease has been observed clinically, yet causality remains unestablished. We applied bidirectional Mendelian randomization using genetic instruments from genome-wide association studies encompassing over 500,000 individuals to determine causal relationships. We demonstrate that genetic liability to hypothyroidism substantially protects against acute pancreatitis (odds ratio 0.37, 95 % CI 0.17-0.80). Genetically elevated basal metabolic ra",Research,Multi-Omics Integration; Niche & Microenvironment,GeoMx,Cancer,high,True,False
39550585,Advanced single-cell and spatial analysis with high-multiplex characterization of circulating tumor cells and tumor tissue in prostate cancer: Unveiling resistance mechanisms with the CoDuCo in situ assay.,"Metastatic prostate cancer is a highly heterogeneous and dynamic disease and practicable tools for patient stratification and resistance monitoring are urgently needed. Liquid biopsy analysis of circulating tumor cells (CTCs) and circulating tumor DNA are promising, however, comprehensive testing is essential due to diverse mechanisms of resistance. Previously, we demonstrated the utility of mRNA-based in situ padlock probe hybridization for characterizing CTCs. We have developed a novel combina",Technology,Image-Based Analysis,,Cancer,high,True,False
35792866,Biological Misinterpretation of Transcriptional Signatures in Tumor Samples Can Unknowingly Undermine Mechanistic Understanding and Faithful Alignment with Preclinical Data.,"Precise mechanism-based gene expression signatures (GES) have been developed in appropriate in vitro and in vivo model systems, to identify important cancer-related signaling processes. However, some GESs originally developed to represent specific disease processes, primarily with an epithelial cell focus, are being applied to heterogeneous tumor samples where the expression of the genes in the signature may no longer be epithelial-specific. Therefore, unknowingly, even small changes in tumor st",Research,Cell-Type Deconvolution; Benchmarking & Evaluation; Niche & Microenvironment,LCM / Microdissection,Cancer,high,True,True
41275140,Single-cell and spatial transcriptomics reveal lactylation-associated tumor cell clusters and define a prognostic risk model in glioblastoma.,"Glioblastoma (GBM) is the most aggressive adult brain tumor, marked by intratumoral heterogeneity and therapy resistance. Metabolic reprogramming through histone lactylation has been linked to tumor progression and immune suppression. However, the spatial and single-cell landscape of lactylation in GBM and its prognostic significance remain poorly understood. We employed a multi-omics approach integrating bulk RNA sequencing, single-cell RNA sequencing (scRNA-seq), and spatial transcriptomics to",Research,Cell-Cell Communication; Spatial Trajectory Inference,,Cancer,medium,False,False
41637815,Decoding schizophrenia through postmortem human brain transcriptomics.,"Schizophrenia is a highly heritable neuropsychiatric disorder affecting approximately 1% of the population, yet its pathophysiology has remained elusive due to the absence of gross neuropathological changes. In recent years, advances in transcriptomic profiling of postmortem human brain tissue have begun to illuminate the disease's molecular architecture. This mini-review synthesizes findings from case-control bulk tissue and single-nucleus transcriptomics studies, revealing that schizophrenia i",Review,,,Neuroscience,high,False,False
37524695,Schwann cells regulate tumor cells and cancer-associated fibroblasts in the pancreatic ductal adenocarcinoma microenvironment.,"Neuropathy is a feature more frequently observed in pancreatic ductal adenocarcinoma (PDAC) than other tumors. Schwann cells, the most prevalent cell type in peripheral nerves, migrate toward tumor cells and associate with poor prognosis in PDAC. To unveil the effects of Schwann cells on the neuro-stroma niche, here we perform single-cell RNA-sequencing and microarray-based spatial transcriptome analysis of PDAC tissues. Results suggest that Schwann cells may drive tumor cells and cancer-associa",Research,Niche & Microenvironment; Cell-Cell Communication,,Cancer,medium,True,False
39842636,Molecular and cellular morphology of placenta unveils new mechanisms of reproductive immunology.,"Despite of numerous studies of the placenta, some molecular and cellular characteristics, particularly the relationship among different cell types, have not been well understood. We aim to investigate the basic and intricate details of cellular and molecular elements in early and late phase placentas to gain better understanding of the immune regulation of human reproductive process. A novel combination of techniques of spatial transcriptomics(ST), multiple immunohistochemistry, and a dual label",Research,Image-Based Analysis; Cell-Cell Communication; Niche & Microenvironment,,Immunology,medium,True,False
40000871,A spatial transcriptomic signature of 26 genes resolved at single-cell resolution characterizes high-risk gastric cancer precursors.,"Gastric cancer precursors demonstrate highly-variable rates of progression toward neoplasia. Certain high-risk precursors, such as gastric intestinal metaplasia with advanced histologic features, may be at up to 30-fold increased risk for progression compared to lower-risk intestinal metaplasia. The biological differences between high- and low-risk lesions have been incompletely explored. In this study, we use several clinical cohorts to characterize the microenvironment of advanced gastric canc",Research,Spatially Variable Genes; Cell-Type Deconvolution; Spatial Domain Identification; Multi-Omics Integration,,Cancer,medium,True,False
29428551,Detection of Bladder Cancer in Urine Sediments by a Novel Multicolor Fluorescence In Situ Hybridization (Quartet) Test.,"Bladder cancer is among the common human malignancies that show a heavy mutational load and copy number variations of numerous chromosomes, which makes them a target for diagnostic explorations. We aimed to design a multicolor fluorescence in situ hybridization (FISH) test referred to as the quartet test for the detection of bladder cancer in urine. We performed genome-wide copy number variation analysis on cohorts from the University of Texas MD Anderson Cancer Center (n=40) and The Cancer Geno",Research,,,Cancer,medium,True,False
38218939,BIDCell: Biologically-informed self-supervised learning for segmentation of subcellular spatial transcriptomics data.,"Recent advances in subcellular imaging transcriptomics platforms have enabled high-resolution spatial mapping of gene expression, while also introducing significant analytical challenges in accurately identifying cells and assigning transcripts. Existing methods grapple with cell segmentation, frequently leading to fragmented cells or oversized cells that capture contaminated expression. To this end, we present BIDCell, a self-supervised deep learning-based framework with biologically-informed l",Technology,Image-Based Analysis,,,medium,False,True
38355603,Biomarkers and prognostic factors of PD-1/PD-L1 inhibitor-based therapy in patients with advanced hepatocellular carcinoma.,"Systemic therapies using programmed death-1 (PD-1) and programmed death ligand 1 (PD-L1) inhibitors have demonstrated commendable efficacy in some patients with advanced hepatocellular carcinoma (HCC); however, other individuals do not respond favorably. Hence, identifying the biomarkers, the prognostic factors, and their underlying mechanisms is crucial. In this review, we summarized the latest advancements in this field. Within the tumor microenvironment, PD-L1 expression is commonly utilized ",Review,,,Cancer,medium,False,False
37216588,SMDB: a Spatial Multimodal Data Browser.,"Understanding the relationship between fine-scale spatial organization and biological function necessitates a tool that effectively combines spatial positions, morphological information, and spatial transcriptomics (ST) data. We introduce the Spatial Multimodal Data Browser (SMDB, https://www.biosino.org/smdb), a robust visualization web service for interactively exploring ST data. By integrating multimodal data, such as hematoxylin and eosin (H&E) images, gene expression-based molecular cluster",Technology,Spatial Domain Identification; Image-Based Analysis; 3D Reconstruction,,Neuroscience,medium,False,True
40666928,Cerebellum metastasis model of HER2-positive breast cancer unveils key role of IL34-induced Arg1+ macrophages.,"Brain metastases occur in up to 40% of Stage IV breast cancer patients. The cerebellum is a frequent location for metastases in HER2-positive breast cancer patients, but the mechanisms for this are unknown. Here, we developed a syngeneic, immunocompetent mouse model for breast cancer brain metastases by stereotactically injecting mouse HER2-overexpressing breast cancer organoids into the cerebellum. Growth of these cerebellar metastases was monitored by MRI and trastuzumab optical imaging using ",Research,Cell-Cell Communication; Niche & Microenvironment,,Cancer,high,True,False
40375953,Spatial Pathomics Toolkit for Quantitative Analysis of Podocyte Nuclei with Histology and Spatial Transcriptomics Data in Renal Pathology.,"Podocytes, specialized epithelial cells that envelop the glomerular capillaries, play a pivotal role in maintaining renal health. The current description and quantification of features on pathology slides are limited, prompting the need for innovative solutions to comprehensively assess diverse phenotypic attributes within Whole Slide Images (WSIs). In particular, understanding the morphological characteristics of podocytes, terminally differentiated glomerular epithelial cells, is crucial for s",Technology,Image-Based Analysis; Niche & Microenvironment,,Kidney & Nephrology,medium,False,True
42121845,"Spatial Biology Evolution: Past, Present and Future of Mapping Life in Context.","The life sciences are currently undergoing a serious transition from the reductive biochemical analysis of dissociated tissues to non-destructive ""spatial forensics"". In addition to discovering new molecules, we are moving towards finding out their precise tissue localization and performing in situ interrogation to uncover a biological logic within preserved cellular ""neighborhoods"". Our perspective is focused on exploring the spatial imperative, including the structural logic and ""neighborhood ",Review,,,Cancer,medium,False,False
32944910,Mapping of Chromosome Territories by 3D-Chromosome Painting During Early Mouse Development.,"Following fertilization in mammals, the chromatin landscape inherited from the two parental genomes and the nuclear organization are extensively reprogrammed. A tight regulation of nuclear organization is important for developmental success. One main nuclear feature is the organization of the chromosomes in discrete and individual nuclear spaces known as chromosome territories (CTs). In culture cells, their arrangements can be constrained depending on their genomic content (e.g., gene density or",Protocol,,,Developmental Biology,medium,True,False
41316065,The co-location of MARCO + macrophages and SPOCK1 + fibroblasts contributes to the poor prognosis and undesirable immunotherapy response in colorectal cancer.,"Intratumor macrophage infiltration plays a crucial role in various aspects of tumor immunity in colorectal cancer (CRC). However, the phenotypic heterogeneity, spatial distribution, and cellular interactions of these macrophages remain elusive. To overcome the limitations, bulk, single-cell, and spatial transcriptomics were utilized synergistically. We identified two distinct spatial patterns of macrophage infiltration: macrophage + and macrophage-. MARCO + macrophages were found to accumulate i",Research,Spatial Domain Identification; Cell-Cell Communication; Niche & Microenvironment,,Cancer,medium,True,False
36499343,Estimating Metastatic Risk of Pancreatic Ductal Adenocarcinoma at Single-Cell Resolution.,"Pancreatic ductal adenocarcinoma (PDAC) is characterized by intra-tumoral heterogeneity, and patients are always diagnosed after metastasis. Thus, finding out how to effectively estimate metastatic risk underlying PDAC is necessary. In this study, we proposed scMetR to evaluate the metastatic risk of tumor cells based on single-cell RNA sequencing (scRNA-seq) data. First, we identified diverse cell types, including tumor cells and other cell types. Next, we grouped tumor cells into three sub-pop",Research,Spatial Domain Identification; Cell-Cell Communication; Niche & Microenvironment,,Cancer,medium,False,False
38867307,In situ HER2 RNA expression as a predictor of pathologic complete response of HER2-positive breast cancer patients receiving neoadjuvant chemotherapy and anti-HER2 targeted treatment.,"Immunohistochemistry (IHC) and in situ hybridization (ISH) remain standard biomarkers for therapeutic decisions in human epidermal growth factor 2 (HER2)-positive breast cancers (BCs); however, they are insufficient to explain the heterogeneous anti-HER2 response. We aimed to investigate the correlation of in situ HER2 RNA expression (isHRE), using RNAscope, with HER2 biomarkers and the impact of isHRE on the pathological complete response (pCR) rates of 278 patients with HER2 IHC/fluorescence I",Research,,,Cancer,high,True,False
40495757,Filtering for Highly Variable Genes and High-Quality Spots Improves Phylogenetic Analysis of Cancer Spatial Transcriptomics Visium Data.,"Phylogenetic relationship of cells within tumors can help us to understand how cancer develops in space and time and identify driver mutations and other evolutionary events that enable cancer growth and spread. Numerous studies have reconstructed phylogenies from single-cell DNA-seq data. Here, we are looking into the problem of phylogenetic analysis of spatially resolved near single-cell RNA-seq data, which is a cost-efficient alternative (or complementary) data source that integrates multiple ",Research,Spatial Preprocessing; Benchmarking & Evaluation,Visium,Cancer,medium,False,False
39207122,Meningeal solitary fibrous tumor cell states phenocopy cerebral vascular development and homeostasis.,"Meningeal solitary fibrous tumors (SFTs) are rare mesenchymal neoplasms that are associated with local recurrence and hematogenous metastasis. The cell states and spatial transcriptomic architecture underlying the unique clinical behavior of meningeal SFTs are unknown. Single-cell (n = 4), spatial (n = 8), and bulk RNA sequencing (n = 22) were used to define the cell states and spatial transcriptomic architecture of meningeal SFTs across histological grades and in patient-matched pairs of primar",Research,Cell-Cell Communication; Niche & Microenvironment; Spatial Integration; Spatial Domain Identification,,Cancer,high,True,False
31319160,Evaluation of two aneuploidy screening tests for chorionic villus samples: Multiplex ligation-dependent probe amplification and fluorescence in situ hybridization.,"The vast majority of first-trimester pregnancy losses are the consequence of numerical aberrations in fetal chromosomes, which may involve nearly all chromosomes. Although commercial probes for all chromosomes are available for multiplex ligation-dependent probe amplification (MLPA) and fluorescence in situ hybridization (FISH) analyses, their use has rarely been reported for screening all 24 chromosomes for early fetal demise, especially by FISH. Here, we validated the ability of MLPA and FISH ",Research,,,,high,True,False
40418294,Multiomics in Renal Cell Carcinoma: Current Landscape and Future Directions for Precision Medicine.,"Renal cell carcinoma (RCC) is a prevalent and increasingly diagnosed malignancy associated with high mortality and recurrence rates. Traditional diagnostic and therapeutic approaches have limitations due to the disease's molecular heterogeneity. This review aims to explore how the integration of omics sciences-genomics, transcriptomics, proteomics, and metabolomics-can enhance the diagnosis, prognosis, and treatment of RCC. Genomic analyses have uncovered critical mutations, including VHL, PBRM1",Review,Multi-Omics Integration,,Cancer,high,False,False
28481330,Spatially resolved transcriptome profiling in model plant species.,"Understanding complex biological systems requires functional characterization of specialized tissue domains. However, existing strategies for generating and analysing high-throughput spatial expression profiles were developed for a limited range of organisms, primarily mammals. Here we present the first available approach to generate and study high-resolution, spatially resolved functional profiles in a broad range of model plant systems. Our process includes high-throughput spatial transcriptom",Research,Spatially Variable Genes; Spatial Domain Identification,,Plant Biology,medium,True,False
35073334,Evaluation of deep convolutional neural networks for in situ hybridization gene expression image representation.,"High resolution in situ hybridization (ISH) images of the brain capture spatial gene expression at cellular resolution. These spatial profiles are key to understanding brain organization at the molecular level. Previously, manual qualitative scoring and informatics pipelines have been applied to ISH images to determine expression intensity and pattern. To better capture the complex patterns of gene expression in the human cerebral cortex, we applied a machine learning approach. We propose gene r",Research,Image-Based Analysis,,Neuroscience,high,False,True
39846423,SpaGraphCCI: Spatial cell-cell communication inference through GAT-based co-convolutional feature integration.,"Spatially resolved transcriptomics technologies potentially provide the extra spatial position information and tissue image to better infer spatial cell-cell interactions (CCIs) in processes such as tissue homeostasis, development, and disease progression. However, methods for effectively integrating spatial multimodal data to infer CCIs are still lacking. Here, the authors propose a deep learning method for integrating features through co-convolution, called SpaGraphCCI, to effectively integrat",Technology,Cell-Cell Communication; Benchmarking & Evaluation; Image-Based Analysis,,Cancer,high,False,False
38561380,Deciphering the spatial landscape and plasticity of immunosuppressive fibroblasts in breast cancer.,"Although heterogeneity of FAP+ Cancer-Associated Fibroblasts (CAF) has been described in breast cancer, their plasticity and spatial distribution remain poorly understood. Here, we analyze trajectory inference, deconvolute spatial transcriptomics at single-cell level and perform functional assays to generate a high-resolution integrated map of breast cancer (BC), with a focus on inflammatory and myofibroblastic (iCAF/myCAF) FAP+ CAF clusters. We identify 10 spatially-organized FAP+ CAF-related c",Research,Spatial Trajectory Inference; Cell-Type Deconvolution; Niche & Microenvironment; Cell-Cell Communication,,Cancer,medium,False,False
41279088,Dynamics of local B cell migration during affinity maturation in the human tonsil.,"Affinity maturation enhances B cell binding within germinal centers, where spatial structure preserves sequence diversity by restricting cell movement. While recent studies show that some B cell lineages span multiple germinal centers, the sources, rates and consequences of this spreading process remain unknown. Here, we show that the spatial arrangement of B cells in the human tonsil is driven by local migration during affinity maturation. Through an evolutionary re-analysis of spatial transcri",Research,,,Immunology,medium,False,False
37555396,CD8<sup>+</sup> tissue-resident memory T cells induce oral lichen planus erosion via cytokine network.,"CD8<sup>+</sup> tissue-resident memory T (CD8<sup>+</sup> Trm) cells play key roles in many immune-inflammation-related diseases. However, their characteristics in the pathological process of oral lichen planus (OLP) remains unclear. Therefore, we investigated the function of CD8<sup>+</sup> Trm cells in the process of OLP. By using single-cell RNA sequencing profiling and spatial transcriptomics, we revealed that CD8<sup>+</sup> Trm cells were predominantly located in the lamina propria adjacen",Research,Cell-Type Deconvolution; Niche & Microenvironment; Cell-Cell Communication,,Immunology,medium,True,False
41168438,A novel spatial framework to validate arsenic exposure gene expression profiling in bladder cancer using multiplex FISH and AI-powered digital pathology.,"Bladder cancer exhibits marked spatial heterogeneity in gene expression and immune infiltration. In this exploratory pilot study, we integrate multiplex fluorescence in situ hybridization (mFISH) with AI-assisted digital pathology to characterize the spatial distribution of a previously validated three-gene arsenic-responsive risk model (NKIRAS2, AKTIP, HLA-DQA1). Initially identified in arsenic-exposed individuals and associated with bladder cancer risk, this gene panel achieved 94% training an",Research,Image-Based Analysis; Niche & Microenvironment,,Cancer,medium,True,False
41668173,"Capillary-Associated Microglia in Neurovascular Coupling: Localization, Mechanisms, and Disease Implications.","Capillary-Associated Microglia (CAMs) are increasingly recognized as integral components of the neurovascular unit (NVU) that interface with intracerebral capillaries and are implicated in microcirculatory regulation, neurovascular coupling (NVC), and blood–brain barrier (BBB) maintenance. Rather than a rigid lineage-defined subset, CAMs are often best conceptualized as an anatomically anchored and context-responsive microglial state in which somata and/or primary processes closely appose the ca",Review,,,Neuroscience,high,False,False
41548005,Association of copy number alterations with the immune transcriptomic landscape in cancer.,"Tumors with high copy number alteration (CNA) burden often respond poorly to immune checkpoint inhibitor therapy. However, how CNAs affect the anti-cancer immune response remains unclear. To address this, we set out to capture the transcriptional effects of CNAs and define a comprehensive landscape of immune-related transcriptional patterns. Hereto, we applied consensus independent component analysis to 294,159 bulk transcriptomic profiles. We demonstrated the predictive power of these patterns ",Research,,,Cancer,medium,False,False
41905515,Cellular and molecular landscape of early hidradenitis suppurativa lesions reveals early immune microenvironment.,"Hidradenitis suppurativa (HS) is a chronic, inflammatory skin disease primarily affecting apocrine gland-bearing areas. Although T helper (Th) 17-mediated inflammation is well-described in advanced HS (Hurley II-III), the immune mechanisms driving early disease remain unclear. To characterize the cellular and molecular environment of early HS lesions and identify potential early drivers of disease, full-thickness skin biopsies from papular inflammatory HS lesions in patients with Hurley stages I",Research,Spatial Domain Identification; Niche & Microenvironment; Image-Based Analysis,,Dermatology,medium,True,False
41800692,Nanozyme Catalysis Restores Hair Follicle Integrity by Reversing Peroxisomal Collapse.,"Emerging evidence implicates organelle dysfunction, particularly within peroxisomes, as a critical driver of hair follicle degeneration and alopecia. While mitochondrial defects are well characterized in the context of hair loss, the contribution of peroxisomal failure to follicular homeostasis remains largely unexplored. Here, we identify peroxisomal dysfunction as a central molecular and metabolic defect underlying hair follicle aging and loss. Comprehensive transcriptomic analysis of human de",Research,,,Dermatology,medium,True,False
41758046,Crosstalk between SPP1+ macrophages and ITGA5+ fibroblasts promotes hepatocellular carcinoma metastasis.,"Hepatocellular carcinoma (HCC) develops from chronic inflammatory conditions to malignancy, with the immune microenvironment playing a significant role in this progression. However, the changes in the dynamic immune microenvironment during the transition from hepatitis to HCC remain poorly understood. Systematic analysis of stage-specific immune microenvironment alterations is essential for identifying therapeutic targets and creating precision strategies for HCC. Using single-cell RNA sequencin",Research,Cell-Cell Communication; Niche & Microenvironment,,Cancer,high,True,False
39422697,Single-cell characterization of differentiation trajectories and drug resistance features in gastric cancer with peritoneal metastasis.,"Gastric cancer patients with peritoneal metastasis (GCPM) experience a rapidly deteriorating clinical trajectory characterized by therapeutic resistance and dismal survival, particularly following the development of malignant ascites. However, the intricate dynamics within the peritoneal microenvironment (PME) during the treatment process remain largely unknown. Matched samples from primary tumours (PT), peritoneal metastases (PM), and paired pre-treatment and post-chemo/immunotherapy (anti-PD-1",Research,Cell-Cell Communication; Niche & Microenvironment,,Cancer,high,True,False
35709828,Spatial profiling of early primate gastrulation in utero.,"Gastrulation controls the emergence of cellular diversity and axis patterning in the early embryo. In mammals, this transformation is orchestrated by dynamic signalling centres at the interface of embryonic and extraembryonic tissues<sup>1-3</sup>. Elucidating the molecular framework of axis formation in vivo is fundamental for our understanding of human development<sup>4-6</sup> and to advance stem-cell-based regenerative approaches<sup>7</sup>. Here we illuminate early gastrulation of marmoset",Research,Spatial Integration; Spatial Domain Identification,,Developmental Biology,medium,True,False
41476112,Bridging the dimensional gap from planar spatial transcriptomics to 3D cell atlases.,"Spatial transcriptomics (ST) has revolutionized our understanding of tissue architecture, yet constructing comprehensive three-dimensional (3D) cell atlases remains challenging due to technical limitations and high cost. Current approaches typically capture only sparsely sampled two-dimensional sections, leaving substantial gaps that limit our understanding of continuous organ organization. Here, we present SpatialZ, a computational framework that bridges these gaps by generating virtual slices ",Technology,3D Reconstruction; Spatial Integration,,Neuroscience,medium,False,True
39999448,Spatial single-cell proteomics landscape decodes the tumor microenvironmental ecosystem of intrahepatic cholangiocarcinoma.,"The prognoses and therapeutic responses of patients with intrahepatic cholangiocarcinoma (iCCA) depend on spatial interactions among tumor microenvironment (TME) components. However, the spatial TME characteristics of iCCA remain poorly understood. The aim of this study was to generate a comprehensive spatial atlas of iCCA using artificial intelligence-assisted spatial multiomics patterns and to identify spatial features associated with prognosis and immunotherapy. Spatial multiomics, including ",Research,Cell-Cell Communication; Niche & Microenvironment; Image-Based Analysis; Multi-Omics Integration,,Cancer,high,True,False
29130201,Quantifying Gene Expression in Living Cells with Ratiometric Bimolecular Beacons.,"Molecular beacons (MBs), a class of oligonucleotide-based probes, have enabled researchers to study various RNA molecules in their native live-cell contexts. However, it is also increasingly recognized that, when delivered into cells, MBs have the tendency to be sequestered into the nucleus where they may generate false positive signals. In an attempt to overcome this issue, MBs have been synthesized with chemically modified oligonucleotide backbones to confer greater biostability. Alternatively",Protocol,Image-Based Analysis,,,medium,True,False
34541590,Microfluidic single-cell transcriptomics: moving towards multimodal and spatiotemporal omics.,"Cells are the basic units of life with vast heterogeneity. Single-cell transcriptomics unveils cell-to-cell gene expression variabilities, discovers novel cell types, and uncovers the critical roles of cellular heterogeneity in biological processes. The recent advances in microfluidic technologies have greatly accelerated the development of single-cell transcriptomics with regard to throughput, sensitivity, cost, and automation. In this article, we review state-of-the-art microfluidic single-cel",Review,,,,high,False,False
38110427,Pathway centric analysis for single-cell RNA-seq and spatial transcriptomics data with GSDensity.,"Advances in single-cell technology have enabled molecular dissection of heterogeneous biospecimens at unprecedented scales and resolutions. Cluster-centric approaches are widely applied in analyzing single-cell data, however they have limited power in dissecting and interpreting highly heterogenous, dynamically evolving data. Here, we present GSDensity, a graph-modeling approach that allows users to obtain pathway-centric interpretation and dissection of single-cell and spatial transcriptomics (",Technology,Spatially Variable Genes; Spatial Integration,,Cancer,high,False,True
26823385,Comparison of fluorescence in-situ hybridisation with dual-colour in-situ hybridisation for assessment of HER2 gene amplification of breast cancer in Hong Kong.,To compare the PathVysion fluorescence in-situ hybridisation assay with the INFORM HER2 Dual in-situ hybridisation assay on 104 invasive breast cancers with a broad spectrum of immunohistochemistry scores. This case series involved consecutive patients diagnosed with invasive breast carcinoma with equivocal immunohistochemistry score and referred for further HER2 assessment from the departments of Surgery and/or Clinical Oncology of the two hospitals between January 2013 and February 2014. An ad,Benchmark,,,Cancer,medium,True,False
38785552,A Spatial Transcriptomics Browser for Discovering Gene Expression Landscapes across Microscopic Tissue Sections.,"A crucial feature of life is its spatial organization and compartmentalization on the molecular, cellular, and tissue levels. Spatial transcriptomics (ST) technology has opened a new chapter of the sequencing revolution, emerging rapidly with transformative effects across biology. This technique produces extensive and complex sequencing data, raising the need for computational methods for their comprehensive analysis and interpretation. We developed the ST browser web tool for the interactive di",Technology,Cell-Cell Communication; Niche & Microenvironment; Spatial Co-Expression,Visium,Cancer,high,False,True
41072151,The epidermal immune microenvironment plays a central role in the pathogenesis of psoriasis.,"Psoriasis is a chronic immune-mediated skin disease whose inflammation can affect other systems and lead to various comorbidities. As a model inflammatory skin disease, while advances in mechanistic insights and targeted therapies have improved outcomes, unmet clinical needs persist. Modern technologies like single-cell sequencing and spatial transcriptomics reveal that skin immunity operates as a complex network involving neuroregulation, symbiotic microbial immunity, metabolic abnormalities, a",Review,Cell-Cell Communication; Niche & Microenvironment,,Dermatology,medium,False,False
41976025,Pan-Transcriptome Analyses of Multiple Tissues and Growth Stages Create Expression Atlases for the Silkworm <i>Bombyx mori</i>.,"Transcriptome atlases can be used to examine the spatiotemporal dynamics of gene expression, thereby enabling the generation of genome-wide resources for understanding complex biological processes. In the silkworm <i>Bombyx mori</i>, transcriptomes serve as crucial datasets for elucidating the mechanisms underlying economically important traits. In this study, we integrated 832 transcriptome datasets across all developmental stages and tissues and performed whole-genome-scale transcriptome seque",Data Resource,,,Developmental Biology,medium,True,False
40310723,Meningeal-derived retinoic acid regulates neurogenesis via suppression of Notch and Sox2.,"The meninges act as a regulator of brain development by secreting ligands that act on neural cells to regulate neurogenesis and neuronal migration. Meningeal-derived retinoic acid (RA) promotes neocortical neural progenitor cell cycle exit; however, the underlying molecular mechanism is unknown. Here, we used spatial transcriptomics and profiling of retinoic acid receptor α (RARα) DNA binding in Foxc1-mutant embryos that lack meninges-derived signals to identify potential neurogenic transcriptio",Research,,,Neuroscience,medium,True,False
40598307,Automated integration of multi-slice spatial transcriptomics data in 2D and 3D using VR-Omics.,"The field of spatial transcriptomics is rapidly evolving, with increasing sample complexity, resolution, and tissue size. Yet the field lacks comprehensive and intuitive solutions for automated integration and analysis of multi-slice data in either co-planar (2D) or stacked (3D) formation. To address this, we develop VR-Omics, a free, platform-agnostic software that provides end-to-end automated processing of multi-slice data through a biologist-friendly interface. Benchmarking against existing ",Technology,Spatial Integration; 3D Reconstruction; Spatial Preprocessing; Benchmarking & Evaluation,,Cardiovascular,high,False,True
40775545,Multi-omics dissection of CPNE1 reveals its prognostic value and immune-regulatory function in liver cancer.,"Hepatocellular carcinoma (HCC) is known for its high malignancy and poor prognosis. Despite some progress in treatment approaches in recent years, the prognosis of HCC remains unfavorable. CPNE1 (Copine 1), a calcium-dependent phospholipid-binding protein, has been shown to be involved in the development of various cancers. However, the precise role of CPNE1 in HCC and its underlying molecular mechanisms remain unclear. This study aims to elucidate the role of CPNE1 in HCC and investigate its re",Research,Cell-Cell Communication; Niche & Microenvironment; Multi-Omics Integration,,Liver & Hepatology,medium,False,False
41282859,A lifespan transcriptomic atlas of the human prefrontal cortex at single-cell resolution.,"The dorsolateral prefrontal cortex (DLPFC) underpins higher cognitive functions and is highly susceptible to age-related decline. However, a comprehensive, lifespan-resolved map of its cellular and molecular programs has been lacking. Here, we constructed the first single-nucleus transcriptomic atlas of the human DLPFC, spanning the full lifespan, profiling over 1.3 million nuclei from 284 postmortem samples ranging in age from 0-97 years. This unprecedented resource reveals three distinct trans",Research,Spatial Trajectory Inference; Spatially Variable Genes; Spatial Integration,,Neuroscience,high,True,False
40229283,MGAT1-Guided complex N-Glycans on CD73 regulate immune evasion in triple-negative breast cancer.,"Despite the widespread application of immunotherapy, treating immune-cold tumors remains a significant challenge in cancer therapy. Using multiomic spatial analyses and experimental validation, we identify MGAT1, a glycosyltransferase, as a pivotal factor governing tumor immune response. Overexpression of MGAT1 leads to immune evasion due to aberrant elevation of CD73 membrane translocation, which suppresses CD8<sup>+</sup> T cell function, especially in immune-cold triple-negative breast cancer",Research,Multi-Omics Integration; Cell-Cell Communication,,Cancer,medium,True,False
38617262,Seq-Scope Protocol: Repurposing Illumina Sequencing Flow Cells for High-Resolution Spatial Transcriptomics.,"Spatial transcriptomics (ST) technologies represent a significant advance in gene expression studies, aiming to profile the entire transcriptome from a single histological slide. These techniques are designed to overcome the constraints faced by traditional methods such as immunostaining and RNA <i>in situ</i> hybridization, which are capable of analyzing only a few target genes simultaneously. However, the application of ST in histopathological analysis is also limited by several factors, inclu",Protocol,Image-Based Analysis; Spatial Preprocessing,,,medium,False,False
40794429,Urine proteomic signatures of kidney function decline after hospitalization.,"Urine proteomics may provide mechanistic insights on why patients experience a higher risk of kidney function decline after hospitalization. In 174 patients with and without acute kidney injury (AKI) from the Assessment, Serial Evaluation, and Subsequent Sequelae in AKI (ASSESS-AKI) cohort, we used Olink to profile 2783 urinary proteins collected at 3 months after hospitalization and determined their association with estimated glomerular filtration rate (eGFR) decline during median [IQR] of 5.1 ",Research,Multi-Omics Integration; Spatial Integration,,Kidney & Nephrology,medium,False,False
41933187,Benchmarking alignment methods for spatial transcriptomics data.,"Reconstructing the three-dimensional molecular architecture of tissues from two-dimensional spatial transcriptomics slices is a central goal in spatial biology. Spatial alignment, the computational registration of multiple tissue slices using their spatial coordinates and gene expression profiles, provides the foundational framework for this integrative perspective. Although numerous alignment methods have emerged, a comprehensive benchmark to guide their application has been notably absent. Her",Benchmark,Spatial Integration; Benchmarking & Evaluation,,,high,False,False
41715200,High-altitude hypoxia drives dentate gyrus neuronal vulnerability through an IL1α-astrocyte-SLC1A2 pathway.,"High-altitude hypoxia is known to impair cognition, yet the underlying cellular and molecular mechanisms remain insufficiently understood. The hippocampus, especially the dentate gyrus (DG), is highly sensitive to hypoxic stress, but the pathways driving neuronal vulnerability and glial state transitions remain unclear. We combined human cohort cognitive assessments, hypobaric chamber mouse models, and multi-omics profiling, including single-cell and spatial transcriptomics, spatial metabolomics",Research,Cell-Cell Communication; Multi-Omics Integration; Niche & Microenvironment,,Neuroscience,high,True,False
27769872,Primary epithelioid sarcoma of the kidney and adrenal gland: report of 2 cases with immunohistochemical and molecular cytogenetic studies.,"Epithelioid sarcoma (ES) is a malignant mesenchymal neoplasm with some morphologic or immunophenotypic evidence of epithelial differentiation. The ""classic"" subtype occurs in younger patients, often in distal extremities as compared with the ""proximal"" type. Tumors of the proximal type primarily arising in solid organs are rare with only few case reports in the literature. We report 2 cases of primary ES in the kidney of a 27-year-old woman and the adrenal gland of a 73-year-old man. Clinical ex",Research,,,Cancer,high,True,False
40934086,Next-gen tools in cancer neuroscience.,"The emerging field of cancer neuroscience is rapidly evolving, driven by novel technologies and tools. These include advances in single-cell and spatial transcriptomics; genetic mouse models paired with automated high-throughput; and innovative optical electrophysiological approaches, optogenetics, chemogenetics, engineered viruses, and new methods for visualizing neuronal activity. Collectively, these technologies are revolutionizing how we investigate, manipulate, and characterize distinct com",Review,,,Cancer,medium,False,False
37868034,Molecular signature incorporating the immune microenvironment enhances thyroid cancer outcome prediction.,"Genomic and transcriptomic analysis has furthered our understanding of many tumors. Yet, thyroid cancer management is largely guided by staging and histology, with few molecular prognostic and treatment biomarkers. Here, we utilize a large cohort of 251 patients with 312 samples from two tertiary medical centers and perform DNA/RNA sequencing, spatial transcriptomics, and multiplex immunofluorescence to identify biomarkers of aggressive thyroid malignancy. We identify high-risk mutations and dis",Research,Niche & Microenvironment; Multi-Omics Integration; Image-Based Analysis,,Cancer,high,True,False
42105629,Mechanistic analysis of an IRF7-dependent pathway in virus-induced fibrosis in chronic lung allograft dysfunction.,"Chronic lung allograft dysfunction (CLAD) significantly limits long-term survival of lung transplant recipients, with viral infections acting as critical contributors to its pathogenesis. The mechanisms linking viral infections to CLAD-associated airway fibrosis remain incompletely understood. This study investigates the role of the type I interferon (IFN) master regulator IRF7 in virus-induced airway fibrogenesis. CLAD (Bronchiolitis obliterans syndrome (BOS)), Stable LTx, and non-transplanted ",Research,,GeoMx,Lung & Respiratory,high,True,False
40880169,PD-1-Ab therapeutic hypothyroidism associated with decreased of peripheral blood CD4<sup>+</sup>T cells and addressed prophylactic medication of thyroxine administration.,"Immune checkpoint inhibitor PD-1 antibody (PD-1-Ab) has arisen the increasing clinical prevalence of immune-related adverse events (irAEs) such as hypothyroidism. Hypothyroidism is the common irAEs, but the mechanism of such immunological pathogenesis was still unclear. We have developed a unique hypothyroidism mice model induced by mimicking clinical exposure to PD-1-Ab. Then we analyzed the immune cell phenotypes in the peripheral blood of mouse models by flow cytometry and further verified in",Research,,,Immunology,medium,True,False
40924502,Bcl6 expression is associated with a distinct immune landscape and spatial transcriptome in COVID-19.,"The regulation of follicular (F) and germinal center (GC) immune reactivity in human lymph nodes (LNs), particularly during the acute stages of viral infection, remains poorly understood. We have analyzed lung-draining lymph nodes (LD-LNs) from COVID-19 autopsies using multiplex imaging and spatial transcriptomics to examine the immune landscape with respect to follicular immune reactivity. We identified 3 groups of donors based on the Bcl6 prevalence of their reactive follicles (RFs): RF-Bcl6no",Research,Spatial Domain Identification; Cell-Type Deconvolution; Spatially Variable Genes; Niche & Microenvironment,,Infectious Disease,medium,True,False
29484595,Quantitative Super-Resolution Imaging of Small RNAs in Bacterial Cells.,"We present a method for the quantification of small regulatory RNAs (sRNAs) in bacteria, by combining single-molecule fluorescence in situ hybridization (smFISH), super-resolved single-fluorophore microscopy, and clustering analysis. Compared to smFISH imaging with diffraction-limited fluorescence microscopy, our method provides better quantification for short and abundant RNA (such as sRNAs) in a small volume of bacterial cells. Our method can also be directly used for the quantification of mes",Technology,Image-Based Analysis,,,medium,True,False
37848426,NeST: nested hierarchical structure identification in spatial transcriptomic data.,"Spatial gene expression in tissue is characterized by regions in which particular genes are enriched or depleted. Frequently, these regions contain nested inside them subregions with distinct expression patterns. Segmentation methods in spatial transcriptomic (ST) data extract disjoint regions maximizing similarity over the greatest number of genes, typically on a particular spatial scale, thus lacking the ability to find region-within-region structure. We present NeST, which extracts spatial st",Technology,Spatial Co-Expression; Cell-Cell Communication; Spatial Domain Identification,,,medium,False,True
